id,project_id,category,task_type,task_name,points,assignee,due_date,hours_logged,status,note,updated_by,updated_at,sort_order,approval_status,submitted_at,submitted_by,approved_at,approved_by,rejected_at,rejected_by,reject_reason,actual_date
0657b677-abdd-4432-a7a1-679daab43c18,96d7421c-8bdd-47a4-a38d-e8a601cc793c,Location and Transportation,Credit,LEED for Neighborhood Development Location,16,,,0.0,not-started,,78b840d1-bc69-4b68-b41f-61c682335dd2,2026-04-11T15:35:21.512146+00:00,2,none,,,,,,,,
04d4d1ca-c296-452b-9c4b-944b66803b95,96d7421c-8bdd-47a4-a38d-e8a601cc793c,Location and Transportation,Credit,Sensitive Land Protection,1,,,0.0,not-started,,78b840d1-bc69-4b68-b41f-61c682335dd2,2026-04-11T15:35:21.512146+00:00,3,none,,,,,,,,
7644fa0f-5262-4da0-975f-4e9432ada52e,96d7421c-8bdd-47a4-a38d-e8a601cc793c,Location and Transportation,Credit,High Priority Site and Equitable Development,2,,,0.0,not-started,,78b840d1-bc69-4b68-b41f-61c682335dd2,2026-04-11T15:35:21.512146+00:00,4,none,,,,,,,,
65b706ca-5db8-4ad2-a5e5-98c0d127c6c3,96d7421c-8bdd-47a4-a38d-e8a601cc793c,Location and Transportation,Credit,Surrounding Density and Diverse Uses,5,,,0.0,not-started,,78b840d1-bc69-4b68-b41f-61c682335dd2,2026-04-11T15:35:21.512146+00:00,5,none,,,,,,,,
a164ba05-f7bf-4f26-97f1-bc111acc1ace,96d7421c-8bdd-47a4-a38d-e8a601cc793c,Location and Transportation,Credit,Access to Quality Transit,5,,,0.0,not-started,,78b840d1-bc69-4b68-b41f-61c682335dd2,2026-04-11T15:35:21.512146+00:00,6,none,,,,,,,,
c3d7dd8c-2a0b-468a-959a-3da43bc60472,96d7421c-8bdd-47a4-a38d-e8a601cc793c,Location and Transportation,Credit,Bicycle Facilities,1,,,0.0,not-started,,78b840d1-bc69-4b68-b41f-61c682335dd2,2026-04-11T15:35:21.512146+00:00,7,none,,,,,,,,
8167b2c6-9638-47cb-bfd7-e0a77e2caaeb,96d7421c-8bdd-47a4-a38d-e8a601cc793c,Location and Transportation,Credit,Reduced Parking Footprint,1,,,0.0,not-started,,78b840d1-bc69-4b68-b41f-61c682335dd2,2026-04-11T15:35:21.512146+00:00,8,none,,,,,,,,
bbac176d-dac0-4345-86c6-eac6752f1c36,96d7421c-8bdd-47a4-a38d-e8a601cc793c,Location and Transportation,Credit,Electric Vehicles,1,,,0.0,not-started,,78b840d1-bc69-4b68-b41f-61c682335dd2,2026-04-11T15:35:21.512146+00:00,9,none,,,,,,,,
dad325cd-f0c8-492b-bb78-be54370a6f6e,96d7421c-8bdd-47a4-a38d-e8a601cc793c,Sustainable Sites,Prereq,Construction Activity Pollution Prevention,Required,,,0.0,not-started,,78b840d1-bc69-4b68-b41f-61c682335dd2,2026-04-11T15:35:21.512146+00:00,10,none,,,,,,,,
833c24ca-b5ce-4717-8d1c-dfbf4d566349,96d7421c-8bdd-47a4-a38d-e8a601cc793c,Sustainable Sites,Credit,Site Assessment,1,,,0.0,not-started,,78b840d1-bc69-4b68-b41f-61c682335dd2,2026-04-11T15:35:21.512146+00:00,11,none,,,,,,,,
b65ccf05-2a34-4686-a408-30595220db3d,96d7421c-8bdd-47a4-a38d-e8a601cc793c,Sustainable Sites,Credit,Protect or Restore Habitat,2,,,0.0,not-started,,78b840d1-bc69-4b68-b41f-61c682335dd2,2026-04-11T15:35:21.512146+00:00,12,none,,,,,,,,
4bb84283-a03f-434d-b24b-14d70851ae0a,96d7421c-8bdd-47a4-a38d-e8a601cc793c,Sustainable Sites,Credit,Open Space,1,,,0.0,not-started,,78b840d1-bc69-4b68-b41f-61c682335dd2,2026-04-11T15:35:21.512146+00:00,13,none,,,,,,,,
c5b530ab-b85e-4a56-8b2f-4fac9adc0a85,96d7421c-8bdd-47a4-a38d-e8a601cc793c,Sustainable Sites,Credit,Rainwater Management,3,,,0.0,not-started,,78b840d1-bc69-4b68-b41f-61c682335dd2,2026-04-11T15:35:21.512146+00:00,14,none,,,,,,,,
78ad9077-dae4-452d-a715-21af3502114d,96d7421c-8bdd-47a4-a38d-e8a601cc793c,Sustainable Sites,Credit,Heat Island Reduction,2,,,0.0,not-started,,78b840d1-bc69-4b68-b41f-61c682335dd2,2026-04-11T15:35:21.512146+00:00,15,none,,,,,,,,
a318e6ba-e321-4206-8efb-e4bdae2273ac,96d7421c-8bdd-47a4-a38d-e8a601cc793c,Sustainable Sites,Credit,Light Pollution Reduction,1,,,0.0,not-started,,78b840d1-bc69-4b68-b41f-61c682335dd2,2026-04-11T15:35:21.512146+00:00,16,none,,,,,,,,
48f8253a-7da2-4c90-9df1-b7ef4b553605,96d7421c-8bdd-47a4-a38d-e8a601cc793c,Water Efficiency,Prereq,Outdoor Water Use Reduction,Required,,,0.0,not-started,,78b840d1-bc69-4b68-b41f-61c682335dd2,2026-04-11T15:35:21.512146+00:00,17,none,,,,,,,,
d1618dff-9984-4e1d-a8b6-f01c3bd456d5,96d7421c-8bdd-47a4-a38d-e8a601cc793c,Water Efficiency,Prereq,Indoor Water Use Reduction,Required,,,0.0,not-started,,78b840d1-bc69-4b68-b41f-61c682335dd2,2026-04-11T15:35:21.512146+00:00,18,none,,,,,,,,
7a5f5575-7f20-48b2-b695-5c746961ce65,96d7421c-8bdd-47a4-a38d-e8a601cc793c,Water Efficiency,Prereq,Building-Level Water Metering,Required,,,0.0,not-started,,78b840d1-bc69-4b68-b41f-61c682335dd2,2026-04-11T15:35:21.512146+00:00,19,none,,,,,,,,
91ffae8a-b624-447b-aee4-124da009320d,96d7421c-8bdd-47a4-a38d-e8a601cc793c,Water Efficiency,Credit,Outdoor Water Use Reduction,2,,,0.0,not-started,,78b840d1-bc69-4b68-b41f-61c682335dd2,2026-04-11T15:35:21.512146+00:00,20,none,,,,,,,,
922c40b2-19de-47fb-b986-e7ec59b8a828,96d7421c-8bdd-47a4-a38d-e8a601cc793c,Water Efficiency,Credit,Indoor Water Use Reduction,6,,,0.0,not-started,,78b840d1-bc69-4b68-b41f-61c682335dd2,2026-04-11T15:35:21.812182+00:00,21,none,,,,,,,,
a0ffbb09-76e0-4c2f-8f88-60e1bcf4a9e0,96d7421c-8bdd-47a4-a38d-e8a601cc793c,Water Efficiency,Credit,Optimize Process Water Use,2,,,0.0,not-started,,78b840d1-bc69-4b68-b41f-61c682335dd2,2026-04-11T15:35:21.812182+00:00,22,none,,,,,,,,
50fbdb5b-1db1-40da-b70b-c01fa9b46785,96d7421c-8bdd-47a4-a38d-e8a601cc793c,Water Efficiency,Credit,Water Metering,1,,,0.0,not-started,,78b840d1-bc69-4b68-b41f-61c682335dd2,2026-04-11T15:35:21.812182+00:00,23,none,,,,,,,,
765abe78-3368-4108-ae12-f824b68efc17,96d7421c-8bdd-47a4-a38d-e8a601cc793c,Energy and Atmosphere,Prereq,Fundamental Commissioning and Verification,Required,,,0.0,not-started,,78b840d1-bc69-4b68-b41f-61c682335dd2,2026-04-11T15:35:21.812182+00:00,24,none,,,,,,,,
dca3190e-c55c-4e95-8e9d-5644d76ce7a7,96d7421c-8bdd-47a4-a38d-e8a601cc793c,Energy and Atmosphere,Prereq,Minimum Energy Performance,Required,,,0.0,not-started,,78b840d1-bc69-4b68-b41f-61c682335dd2,2026-04-11T15:35:21.812182+00:00,25,none,,,,,,,,
3762b10d-1d2c-4d44-8d89-537b1f814dcc,96d7421c-8bdd-47a4-a38d-e8a601cc793c,Energy and Atmosphere,Prereq,Building-Level Energy Metering,Required,,,0.0,not-started,,78b840d1-bc69-4b68-b41f-61c682335dd2,2026-04-11T15:35:21.812182+00:00,26,none,,,,,,,,
2497ab7f-6a8d-4f78-bb2d-378c31761ba2,96d7421c-8bdd-47a4-a38d-e8a601cc793c,Energy and Atmosphere,Prereq,Fundamental Refrigerant Management,Required,,,0.0,not-started,,78b840d1-bc69-4b68-b41f-61c682335dd2,2026-04-11T15:35:21.812182+00:00,27,none,,,,,,,,
ece00905-2092-4d26-b00a-733b5fd5d0fc,96d7421c-8bdd-47a4-a38d-e8a601cc793c,Energy and Atmosphere,Credit,Enhanced Commissioning,6,,,0.0,not-started,,78b840d1-bc69-4b68-b41f-61c682335dd2,2026-04-11T15:35:21.812182+00:00,28,none,,,,,,,,
f0f7e8c9-d23d-4ebc-b49a-72a1e656076f,96d7421c-8bdd-47a4-a38d-e8a601cc793c,Energy and Atmosphere,Credit,Optimize Energy Performance,18,,,0.0,not-started,,78b840d1-bc69-4b68-b41f-61c682335dd2,2026-04-11T15:35:21.812182+00:00,29,none,,,,,,,,
e505c6d9-c0aa-4007-8574-db498f21aa2a,96d7421c-8bdd-47a4-a38d-e8a601cc793c,Energy and Atmosphere,Credit,Advanced Energy Metering,1,,,0.0,not-started,,78b840d1-bc69-4b68-b41f-61c682335dd2,2026-04-11T15:35:21.812182+00:00,30,none,,,,,,,,
8b237645-d17a-4d22-bd37-522fc01cc3ef,96d7421c-8bdd-47a4-a38d-e8a601cc793c,Energy and Atmosphere,Credit,Grid Harmonization,2,,,0.0,not-started,,78b840d1-bc69-4b68-b41f-61c682335dd2,2026-04-11T15:35:21.812182+00:00,31,none,,,,,,,,
e7ff6823-39b1-4d2d-9f66-a4de0fbece7c,96d7421c-8bdd-47a4-a38d-e8a601cc793c,Energy and Atmosphere,Credit,Renewable Energy,5,,,0.0,not-started,,78b840d1-bc69-4b68-b41f-61c682335dd2,2026-04-11T15:35:21.812182+00:00,32,none,,,,,,,,
f35c972b-c8e1-4491-937d-76bcbd20cc47,96d7421c-8bdd-47a4-a38d-e8a601cc793c,Energy and Atmosphere,Credit,Enhanced Refrigerant Management,1,,,0.0,not-started,,78b840d1-bc69-4b68-b41f-61c682335dd2,2026-04-11T15:35:21.812182+00:00,33,none,,,,,,,,
54b45354-8701-4987-be04-7b268e435d0e,96d7421c-8bdd-47a4-a38d-e8a601cc793c,Materials and Resources,Credit,Building Life-Cycle Impact Reduction,5,,,0.0,not-started,,78b840d1-bc69-4b68-b41f-61c682335dd2,2026-04-11T15:35:21.812182+00:00,35,none,,,,,,,,
4e8f0e50-d978-4f49-9e3e-602d83788af6,96d7421c-8bdd-47a4-a38d-e8a601cc793c,Materials and Resources,Credit,Environmental Product Declarations,2,,,0.0,not-started,,78b840d1-bc69-4b68-b41f-61c682335dd2,2026-04-11T15:35:21.812182+00:00,36,none,,,,,,,,
5df506a2-fe3a-4396-91bb-69784c1f54dc,96d7421c-8bdd-47a4-a38d-e8a601cc793c,Materials and Resources,Credit,Sourcing of Raw Materials,2,,,0.0,not-started,,78b840d1-bc69-4b68-b41f-61c682335dd2,2026-04-11T15:35:21.812182+00:00,37,none,,,,,,,,
d56c8fe7-6fae-4a15-a78d-bded61fcdff3,96d7421c-8bdd-47a4-a38d-e8a601cc793c,Materials and Resources,Credit,Material Ingredients,2,,,0.0,not-started,,78b840d1-bc69-4b68-b41f-61c682335dd2,2026-04-11T15:35:21.812182+00:00,38,none,,,,,,,,
85fd95b7-6ffb-4b3c-a5e6-2e6d6a28754f,96d7421c-8bdd-47a4-a38d-e8a601cc793c,Materials and Resources,Credit,Construction and Demolition Waste Management,2,,,0.0,not-started,,78b840d1-bc69-4b68-b41f-61c682335dd2,2026-04-11T15:35:21.812182+00:00,39,none,,,,,,,,
1555869e-3fc1-45ea-8123-fdfbf063ab09,96d7421c-8bdd-47a4-a38d-e8a601cc793c,Indoor Environmental Quality,Prereq,Minimum Indoor Air Quality Performance,Required,,,0.0,not-started,,78b840d1-bc69-4b68-b41f-61c682335dd2,2026-04-11T15:35:21.812182+00:00,40,none,,,,,,,,
1222d618-e5ef-4ec0-bcdc-9a4fc57f108c,96d7421c-8bdd-47a4-a38d-e8a601cc793c,Indoor Environmental Quality,Prereq,Environmental Tobacco Smoke Control,Required,,,0.0,not-started,,78b840d1-bc69-4b68-b41f-61c682335dd2,2026-04-11T15:35:22.119186+00:00,41,none,,,,,,,,
37666fec-3a6b-44bc-a614-f3d5cd516725,96d7421c-8bdd-47a4-a38d-e8a601cc793c,Indoor Environmental Quality,Credit,Enhanced Indoor Air Quality Strategies,2,,,0.0,not-started,,78b840d1-bc69-4b68-b41f-61c682335dd2,2026-04-11T15:35:22.119186+00:00,42,none,,,,,,,,
7753a397-16c3-419a-8796-0758466ae629,96d7421c-8bdd-47a4-a38d-e8a601cc793c,Indoor Environmental Quality,Credit,Low-Emitting Materials,3,,,0.0,not-started,,78b840d1-bc69-4b68-b41f-61c682335dd2,2026-04-11T15:35:22.119186+00:00,43,none,,,,,,,,
b0d08059-4843-4b6a-b112-6ec53a6e9c9d,96d7421c-8bdd-47a4-a38d-e8a601cc793c,Indoor Environmental Quality,Credit,Construction Indoor Air Quality Management Plan,1,,,0.0,not-started,,78b840d1-bc69-4b68-b41f-61c682335dd2,2026-04-11T15:35:22.119186+00:00,44,none,,,,,,,,
b4842962-e692-48c5-bb88-ac4564c67f7a,96d7421c-8bdd-47a4-a38d-e8a601cc793c,Integrative Process,Credit,Integrative Process,1,,2026-04-20,0.0,not-started,,b60416d2-388a-4d37-9008-fd77bb42be25,2026-04-21T02:01:58.509+00:00,1,none,,,,,,,,
120a3e24-7316-4b15-be8a-cdff3ca643cf,96d7421c-8bdd-47a4-a38d-e8a601cc793c,Indoor Environmental Quality,Credit,Indoor Air Quality Assessment,2,,,0.0,not-started,,78b840d1-bc69-4b68-b41f-61c682335dd2,2026-04-11T15:35:22.119186+00:00,45,none,,,,,,,,
28f449b4-c1af-47cf-bcd9-16bec497c796,96d7421c-8bdd-47a4-a38d-e8a601cc793c,Indoor Environmental Quality,Credit,Thermal Comfort,1,,,0.0,not-started,,78b840d1-bc69-4b68-b41f-61c682335dd2,2026-04-11T15:35:22.119186+00:00,46,none,,,,,,,,
c413c591-89f8-4290-bbc6-278e72370f6a,96d7421c-8bdd-47a4-a38d-e8a601cc793c,Indoor Environmental Quality,Credit,Interior Lighting,2,,,0.0,not-started,,78b840d1-bc69-4b68-b41f-61c682335dd2,2026-04-11T15:35:22.119186+00:00,47,none,,,,,,,,
c7e5ac3c-4b18-4d79-b3ad-16e59b8d7b6e,96d7421c-8bdd-47a4-a38d-e8a601cc793c,Indoor Environmental Quality,Credit,Daylight,3,,,0.0,not-started,,78b840d1-bc69-4b68-b41f-61c682335dd2,2026-04-11T15:35:22.119186+00:00,48,none,,,,,,,,
81b44523-6643-4174-a7cd-7b3efbe3401b,96d7421c-8bdd-47a4-a38d-e8a601cc793c,Indoor Environmental Quality,Credit,Quality Views,1,,,0.0,not-started,,78b840d1-bc69-4b68-b41f-61c682335dd2,2026-04-11T15:35:22.119186+00:00,49,none,,,,,,,,
7cab3963-3de7-4f48-9051-252a6a49439b,96d7421c-8bdd-47a4-a38d-e8a601cc793c,Indoor Environmental Quality,Credit,Acoustic Performance,1,,,0.0,not-started,,78b840d1-bc69-4b68-b41f-61c682335dd2,2026-04-11T15:35:22.119186+00:00,50,none,,,,,,,,
14d21f73-626c-4bbe-9785-82f85ee92a86,96d7421c-8bdd-47a4-a38d-e8a601cc793c,Innovation,Credit,Innovation,5,,,0.0,not-started,,78b840d1-bc69-4b68-b41f-61c682335dd2,2026-04-11T15:35:22.119186+00:00,51,none,,,,,,,,
21932b96-6907-4250-b865-56e1976760d7,96d7421c-8bdd-47a4-a38d-e8a601cc793c,Innovation,Credit,LEED Accredited Professional,1,,,0.0,not-started,,78b840d1-bc69-4b68-b41f-61c682335dd2,2026-04-11T15:35:22.119186+00:00,52,none,,,,,,,,
d212214e-0df4-4619-9778-19aae77e8c61,96d7421c-8bdd-47a4-a38d-e8a601cc793c,Regional Priority,Credit,Regional Priority: Specific Credit,4,,,0.0,not-started,,78b840d1-bc69-4b68-b41f-61c682335dd2,2026-04-11T15:35:22.119186+00:00,53,none,,,,,,,,
ee3f6be2-64d3-405c-a90a-0dca4ec0466f,96d7421c-8bdd-47a4-a38d-e8a601cc793c,Materials and Resources,Prereq,Storage and Collection of Recyclables,Required,,,0.0,not-started,,b60416d2-388a-4d37-9008-fd77bb42be25,2026-04-13T01:24:10.276+00:00,34,none,,,,,,,,
34426691-185b-4659-a859-5941cd9b24f1,748b8a21-cd0c-4087-9492-56776a2a5247,Location and Transportation,Credit,Electric Vehicles,1,,,0.0,not-started,,b60416d2-388a-4d37-9008-fd77bb42be25,2026-04-14T06:09:44.799135+00:00,9,none,,,,,,,,
7bfb62d8-1a33-4939-baa6-079937b5f48f,748b8a21-cd0c-4087-9492-56776a2a5247,Sustainable Sites,Credit,Site Assessment,1,,,0.0,not-started,,b60416d2-388a-4d37-9008-fd77bb42be25,2026-04-14T06:09:44.799135+00:00,11,none,,,,,,,,
e16496b9-4b65-46d2-a9b6-d3b1f5a3dbba,748b8a21-cd0c-4087-9492-56776a2a5247,Sustainable Sites,Credit,Protect or Restore Habitat,2,,,0.0,not-started,,b60416d2-388a-4d37-9008-fd77bb42be25,2026-04-14T06:09:44.799135+00:00,12,none,,,,,,,,
f5f268bc-a082-46bd-8994-4f8498d990dc,748b8a21-cd0c-4087-9492-56776a2a5247,Sustainable Sites,Credit,Open Space,1,,,0.0,not-started,,b60416d2-388a-4d37-9008-fd77bb42be25,2026-04-14T06:09:44.799135+00:00,13,none,,,,,,,,
7f0e57db-15f1-422c-bfde-e3c10bc02c19,748b8a21-cd0c-4087-9492-56776a2a5247,Sustainable Sites,Credit,Rainwater Management,3,,,0.0,not-started,,b60416d2-388a-4d37-9008-fd77bb42be25,2026-04-14T06:09:44.799135+00:00,14,none,,,,,,,,
78181cc7-5252-44a8-bf56-b656b0992af6,748b8a21-cd0c-4087-9492-56776a2a5247,Sustainable Sites,Credit,Heat Island Reduction,2,,,0.0,not-started,,b60416d2-388a-4d37-9008-fd77bb42be25,2026-04-14T06:09:44.799135+00:00,15,none,,,,,,,,
68ab0b66-8ae4-4c9d-98bc-3255d8a3b2a1,748b8a21-cd0c-4087-9492-56776a2a5247,Sustainable Sites,Credit,Light Pollution Reduction,1,,,0.0,not-started,,b60416d2-388a-4d37-9008-fd77bb42be25,2026-04-14T06:09:44.799135+00:00,16,none,,,,,,,,
721f2e53-0779-4eae-a30b-51862a1f15b2,748b8a21-cd0c-4087-9492-56776a2a5247,Water Efficiency,Prereq,Outdoor Water Use Reduction,Required,,,0.0,not-started,,b60416d2-388a-4d37-9008-fd77bb42be25,2026-04-14T06:09:44.799135+00:00,17,none,,,,,,,,
b19ba1b8-32d8-475f-acc7-40937bebfa97,748b8a21-cd0c-4087-9492-56776a2a5247,Water Efficiency,Prereq,Indoor Water Use Reduction,Required,,,0.0,not-started,,b60416d2-388a-4d37-9008-fd77bb42be25,2026-04-14T06:09:44.799135+00:00,18,none,,,,,,,,
c9da2aee-5515-49a6-9c3b-a132268ecda2,748b8a21-cd0c-4087-9492-56776a2a5247,Water Efficiency,Prereq,Building-Level Water Metering,Required,,,0.0,not-started,,b60416d2-388a-4d37-9008-fd77bb42be25,2026-04-14T06:09:44.799135+00:00,19,none,,,,,,,,
fb3a5981-f23e-4b9e-b7bc-33436e1772fa,748b8a21-cd0c-4087-9492-56776a2a5247,Water Efficiency,Credit,Outdoor Water Use Reduction,2,,,0.0,not-started,,b60416d2-388a-4d37-9008-fd77bb42be25,2026-04-14T06:09:44.799135+00:00,20,none,,,,,,,,
474debcb-7829-4b4d-b72b-5ccf6f956031,748b8a21-cd0c-4087-9492-56776a2a5247,Water Efficiency,Credit,Indoor Water Use Reduction,6,,,0.0,not-started,,b60416d2-388a-4d37-9008-fd77bb42be25,2026-04-14T06:09:44.963428+00:00,21,none,,,,,,,,
b9873c70-22fe-40ba-95ac-d4f55cda0f27,748b8a21-cd0c-4087-9492-56776a2a5247,Water Efficiency,Credit,Optimize Process Water Use,2,,,0.0,not-started,,b60416d2-388a-4d37-9008-fd77bb42be25,2026-04-14T06:09:44.963428+00:00,22,none,,,,,,,,
a718532f-e7d7-4ce1-9a0e-0ffc6694dd71,748b8a21-cd0c-4087-9492-56776a2a5247,Water Efficiency,Credit,Water Metering,1,,,0.0,not-started,,b60416d2-388a-4d37-9008-fd77bb42be25,2026-04-14T06:09:44.963428+00:00,23,none,,,,,,,,
f52309a6-54dd-4801-866f-219b6fe515d9,748b8a21-cd0c-4087-9492-56776a2a5247,Energy and Atmosphere,Prereq,Fundamental Commissioning and Verification,Required,,,0.0,not-started,,b60416d2-388a-4d37-9008-fd77bb42be25,2026-04-14T06:09:44.963428+00:00,24,none,,,,,,,,
17eec015-650b-4d00-949a-70779bb65bd4,748b8a21-cd0c-4087-9492-56776a2a5247,Energy and Atmosphere,Prereq,Minimum Energy Performance,Required,,,0.0,not-started,,b60416d2-388a-4d37-9008-fd77bb42be25,2026-04-14T06:09:44.963428+00:00,25,none,,,,,,,,
a92cbebb-3b32-4560-88f7-152bb3e7776a,748b8a21-cd0c-4087-9492-56776a2a5247,Energy and Atmosphere,Prereq,Building-Level Energy Metering,Required,,,0.0,not-started,,b60416d2-388a-4d37-9008-fd77bb42be25,2026-04-14T06:09:44.963428+00:00,26,none,,,,,,,,
8fd8d0f9-53c9-443b-b407-4bcecbba985a,748b8a21-cd0c-4087-9492-56776a2a5247,Energy and Atmosphere,Prereq,Fundamental Refrigerant Management,Required,,,0.0,not-started,,b60416d2-388a-4d37-9008-fd77bb42be25,2026-04-14T06:09:44.963428+00:00,27,none,,,,,,,,
f02dd532-30a3-4fed-b292-aa976e5a0201,748b8a21-cd0c-4087-9492-56776a2a5247,Energy and Atmosphere,Credit,Enhanced Commissioning,6,,,0.0,not-started,,b60416d2-388a-4d37-9008-fd77bb42be25,2026-04-14T06:09:44.963428+00:00,28,none,,,,,,,,
b5d4b902-fcee-4360-8bab-50f68b2c44ef,748b8a21-cd0c-4087-9492-56776a2a5247,Energy and Atmosphere,Credit,Optimize Energy Performance,18,,,0.0,not-started,,b60416d2-388a-4d37-9008-fd77bb42be25,2026-04-14T06:09:44.963428+00:00,29,none,,,,,,,,
f49e08a2-ebf2-47d9-94c6-9ef2c8f4a2f1,748b8a21-cd0c-4087-9492-56776a2a5247,Energy and Atmosphere,Credit,Advanced Energy Metering,1,,,0.0,not-started,,b60416d2-388a-4d37-9008-fd77bb42be25,2026-04-14T06:09:44.963428+00:00,30,none,,,,,,,,
7e307706-d662-4db7-964f-4a823f75949b,748b8a21-cd0c-4087-9492-56776a2a5247,Energy and Atmosphere,Credit,Grid Harmonization,2,,,0.0,not-started,,b60416d2-388a-4d37-9008-fd77bb42be25,2026-04-14T06:09:44.963428+00:00,31,none,,,,,,,,
71b92806-7377-4046-9a6b-722231310009,748b8a21-cd0c-4087-9492-56776a2a5247,Energy and Atmosphere,Credit,Renewable Energy,5,,,0.0,not-started,,b60416d2-388a-4d37-9008-fd77bb42be25,2026-04-14T06:09:44.963428+00:00,32,none,,,,,,,,
8faf12ba-2bf3-47a1-a22e-d1b65f608afe,748b8a21-cd0c-4087-9492-56776a2a5247,Energy and Atmosphere,Credit,Enhanced Refrigerant Management,1,,,0.0,not-started,,b60416d2-388a-4d37-9008-fd77bb42be25,2026-04-14T06:09:44.963428+00:00,33,none,,,,,,,,
5509f08f-a078-475b-95b6-0709c5de6cd6,748b8a21-cd0c-4087-9492-56776a2a5247,Materials and Resources,Prereq,Storage and Collection of Recyclables,Required,,,0.0,not-started,,b60416d2-388a-4d37-9008-fd77bb42be25,2026-04-14T06:09:44.963428+00:00,34,none,,,,,,,,
ad2ea8b6-b033-4cab-8dd1-c13ed182a05d,748b8a21-cd0c-4087-9492-56776a2a5247,Location and Transportation,Credit,Surrounding Density and Diverse Uses,5,,2026-04-08,0.0,completed,knkkk,ba080462-2b3f-40a5-b321-5a8b872d1d59,2026-04-20T07:23:29.339+00:00,5,approved,2026-04-18T09:42:36.856+00:00,ba080462-2b3f-40a5-b321-5a8b872d1d59,2026-04-18T09:50:01.316+00:00,78b840d1-bc69-4b68-b41f-61c682335dd2,,,,
4379f22e-e67a-4ff0-a1fb-d46d0c49a0a5,748b8a21-cd0c-4087-9492-56776a2a5247,Location and Transportation,Credit,High Priority Site and Equitable Development,2,,,0.0,completed,,ba080462-2b3f-40a5-b321-5a8b872d1d59,2026-04-18T09:49:59.301+00:00,4,approved,2026-04-18T09:42:30.627+00:00,ba080462-2b3f-40a5-b321-5a8b872d1d59,2026-04-18T09:49:59.301+00:00,78b840d1-bc69-4b68-b41f-61c682335dd2,,,,
04d8094d-fb1d-43d5-a646-4482675468a9,748b8a21-cd0c-4087-9492-56776a2a5247,Location and Transportation,Credit,Access to Quality Transit,5,,,0.0,completed,,b60416d2-388a-4d37-9008-fd77bb42be25,2026-04-20T08:20:27.618+00:00,6,approved,2026-04-20T07:23:37.639+00:00,ba080462-2b3f-40a5-b321-5a8b872d1d59,2026-04-20T08:20:27.618+00:00,b60416d2-388a-4d37-9008-fd77bb42be25,,,,
99cd0c82-199f-4bb9-b415-8ddbb870a50f,748b8a21-cd0c-4087-9492-56776a2a5247,Location and Transportation,Credit,Bicycle Facilities,1,,,0.0,completed,,b60416d2-388a-4d37-9008-fd77bb42be25,2026-04-20T08:20:28.852+00:00,7,approved,2026-04-20T07:23:40.828+00:00,ba080462-2b3f-40a5-b321-5a8b872d1d59,2026-04-20T08:20:28.852+00:00,b60416d2-388a-4d37-9008-fd77bb42be25,,,,
afa93724-0389-434e-b279-ad8f8e19aae9,748b8a21-cd0c-4087-9492-56776a2a5247,Sustainable Sites,Prereq,Construction Activity Pollution Prevention,Required,,2026-04-01,0.0,not-started,,b60416d2-388a-4d37-9008-fd77bb42be25,2026-04-20T08:36:03.421+00:00,10,none,,,,,,,,
3b4bb8b7-eb67-41ac-891c-e87b055c87ef,748b8a21-cd0c-4087-9492-56776a2a5247,Location and Transportation,Credit,Reduced Parking Footprint,1,,2026-04-22,0.0,not-started,,78b840d1-bc69-4b68-b41f-61c682335dd2,2026-04-22T02:21:17.871+00:00,8,none,,,,,,,,
a45e180f-1d06-4402-8285-2fb2b1d06e2c,748b8a21-cd0c-4087-9492-56776a2a5247,Materials and Resources,Credit,Building Life-Cycle Impact Reduction,5,,,0.0,not-started,,b60416d2-388a-4d37-9008-fd77bb42be25,2026-04-14T06:09:44.963428+00:00,35,none,,,,,,,,
fb49c01e-21ac-4fbb-a9cf-43bcffc3603e,748b8a21-cd0c-4087-9492-56776a2a5247,Materials and Resources,Credit,Environmental Product Declarations,2,,,0.0,not-started,,b60416d2-388a-4d37-9008-fd77bb42be25,2026-04-14T06:09:44.963428+00:00,36,none,,,,,,,,
09e6361a-5075-4221-bf7d-53442bd20098,748b8a21-cd0c-4087-9492-56776a2a5247,Materials and Resources,Credit,Sourcing of Raw Materials,2,,,0.0,not-started,,b60416d2-388a-4d37-9008-fd77bb42be25,2026-04-14T06:09:44.963428+00:00,37,none,,,,,,,,
34e4a405-9c03-4e46-be61-7acf81dbf9ff,748b8a21-cd0c-4087-9492-56776a2a5247,Materials and Resources,Credit,Material Ingredients,2,,,0.0,not-started,,b60416d2-388a-4d37-9008-fd77bb42be25,2026-04-14T06:09:44.963428+00:00,38,none,,,,,,,,
3cae5471-f724-4100-9535-22175e2b8086,748b8a21-cd0c-4087-9492-56776a2a5247,Materials and Resources,Credit,Construction and Demolition Waste Management,2,,,0.0,not-started,,b60416d2-388a-4d37-9008-fd77bb42be25,2026-04-14T06:09:44.963428+00:00,39,none,,,,,,,,
149c003c-4bc6-463b-887d-f633f3b86f42,748b8a21-cd0c-4087-9492-56776a2a5247,Indoor Environmental Quality,Prereq,Minimum Indoor Air Quality Performance,Required,,,0.0,not-started,,b60416d2-388a-4d37-9008-fd77bb42be25,2026-04-14T06:09:44.963428+00:00,40,none,,,,,,,,
3d4d9923-34ce-4615-ad44-80e715a85ea8,748b8a21-cd0c-4087-9492-56776a2a5247,Indoor Environmental Quality,Prereq,Environmental Tobacco Smoke Control,Required,,,0.0,not-started,,b60416d2-388a-4d37-9008-fd77bb42be25,2026-04-14T06:09:45.123872+00:00,41,none,,,,,,,,
89c096c7-28c8-475c-9bf8-1c66b25cad84,748b8a21-cd0c-4087-9492-56776a2a5247,Indoor Environmental Quality,Credit,Enhanced Indoor Air Quality Strategies,2,,,0.0,not-started,,b60416d2-388a-4d37-9008-fd77bb42be25,2026-04-14T06:09:45.123872+00:00,42,none,,,,,,,,
1ca3c31f-2501-45f4-8e44-80b5bc7bc9f1,748b8a21-cd0c-4087-9492-56776a2a5247,Indoor Environmental Quality,Credit,Low-Emitting Materials,3,,,0.0,not-started,,b60416d2-388a-4d37-9008-fd77bb42be25,2026-04-14T06:09:45.123872+00:00,43,none,,,,,,,,
2a043d7d-fc47-41e6-b80c-334fd69f8765,748b8a21-cd0c-4087-9492-56776a2a5247,Indoor Environmental Quality,Credit,Construction Indoor Air Quality Management Plan,1,,,0.0,not-started,,b60416d2-388a-4d37-9008-fd77bb42be25,2026-04-14T06:09:45.123872+00:00,44,none,,,,,,,,
d025a16b-db61-41b5-a280-5e86e3ab6dd6,748b8a21-cd0c-4087-9492-56776a2a5247,Indoor Environmental Quality,Credit,Indoor Air Quality Assessment,2,,,0.0,not-started,,b60416d2-388a-4d37-9008-fd77bb42be25,2026-04-14T06:09:45.123872+00:00,45,none,,,,,,,,
329c1d88-f8b5-46be-acf9-ceb58d5fe0f9,748b8a21-cd0c-4087-9492-56776a2a5247,Indoor Environmental Quality,Credit,Thermal Comfort,1,,,0.0,not-started,,b60416d2-388a-4d37-9008-fd77bb42be25,2026-04-14T06:09:45.123872+00:00,46,none,,,,,,,,
882ea891-e9df-43c7-8c3d-22e9cc89f149,748b8a21-cd0c-4087-9492-56776a2a5247,Indoor Environmental Quality,Credit,Interior Lighting,2,,,0.0,not-started,,b60416d2-388a-4d37-9008-fd77bb42be25,2026-04-14T06:09:45.123872+00:00,47,none,,,,,,,,
d0989af9-e7e9-4435-b93c-7e6c806ff8b4,748b8a21-cd0c-4087-9492-56776a2a5247,Indoor Environmental Quality,Credit,Daylight,3,,,0.0,not-started,,b60416d2-388a-4d37-9008-fd77bb42be25,2026-04-14T06:09:45.123872+00:00,48,none,,,,,,,,
941e21e3-83ff-41a0-8f73-49e9e696f2cf,748b8a21-cd0c-4087-9492-56776a2a5247,Indoor Environmental Quality,Credit,Quality Views,1,,,0.0,not-started,,b60416d2-388a-4d37-9008-fd77bb42be25,2026-04-14T06:09:45.123872+00:00,49,none,,,,,,,,
781121a9-b672-4333-983b-a1c0f5cdc0f7,748b8a21-cd0c-4087-9492-56776a2a5247,Indoor Environmental Quality,Credit,Acoustic Performance,1,,,0.0,not-started,,b60416d2-388a-4d37-9008-fd77bb42be25,2026-04-14T06:09:45.123872+00:00,50,none,,,,,,,,
97aa11dc-536a-4017-b01d-de7b961f17e4,748b8a21-cd0c-4087-9492-56776a2a5247,Innovation,Credit,Innovation,5,,,0.0,not-started,,b60416d2-388a-4d37-9008-fd77bb42be25,2026-04-14T06:09:45.123872+00:00,51,none,,,,,,,,
5a062db2-be56-437e-b019-297de4c2e938,748b8a21-cd0c-4087-9492-56776a2a5247,Innovation,Credit,LEED Accredited Professional,1,,,0.0,not-started,,b60416d2-388a-4d37-9008-fd77bb42be25,2026-04-14T06:09:45.123872+00:00,52,none,,,,,,,,
8406db60-7f22-419e-920a-a1a2645ecda6,748b8a21-cd0c-4087-9492-56776a2a5247,Regional Priority,Credit,Regional Priority: Specific Credit,4,,,0.0,not-started,,b60416d2-388a-4d37-9008-fd77bb42be25,2026-04-14T06:09:45.123872+00:00,53,none,,,,,,,,
0869457a-5bca-47df-afd3-5fb9e68e02f5,92a774a1-26e9-45d2-8c1a-9ce501420c35,Location and Transportation,Credit,LEED for Neighborhood Development Location,16,,,0.0,in-progress,,ba080462-2b3f-40a5-b321-5a8b872d1d59,2026-04-17T09:07:34.264+00:00,2,none,,,,,,,,
8886c798-c57e-492d-938d-4c8b970f97a6,92a774a1-26e9-45d2-8c1a-9ce501420c35,Location and Transportation,Credit,Sensitive Land Protection,1,,,0.0,completed,,b60416d2-388a-4d37-9008-fd77bb42be25,2026-04-17T13:54:25.091+00:00,3,none,,,,,,,,
150b7668-bf2b-43a9-9e3e-41a929f058a8,92a774a1-26e9-45d2-8c1a-9ce501420c35,Location and Transportation,Credit,High Priority Site and Equitable Development,2,,,0.0,not-started,,78b840d1-bc69-4b68-b41f-61c682335dd2,2026-04-14T08:17:52.511883+00:00,4,none,,,,,,,,
eef5f5ff-6891-48e2-8f47-55477508091f,92a774a1-26e9-45d2-8c1a-9ce501420c35,Location and Transportation,Credit,Surrounding Density and Diverse Uses,5,,,0.0,not-started,,78b840d1-bc69-4b68-b41f-61c682335dd2,2026-04-14T08:17:52.511883+00:00,5,none,,,,,,,,
0c451586-ed0b-489f-a478-dce6bb2d3b0b,92a774a1-26e9-45d2-8c1a-9ce501420c35,Location and Transportation,Credit,Access to Quality Transit,5,,,0.0,not-started,,78b840d1-bc69-4b68-b41f-61c682335dd2,2026-04-14T08:17:52.511883+00:00,6,none,,,,,,,,
7500863e-cb8d-4aa1-be45-6a7b490f802e,92a774a1-26e9-45d2-8c1a-9ce501420c35,Location and Transportation,Credit,Bicycle Facilities,1,,,0.0,not-started,,78b840d1-bc69-4b68-b41f-61c682335dd2,2026-04-14T08:17:52.511883+00:00,7,none,,,,,,,,
b23f760c-0564-4d05-a1f4-3384d12612c1,92a774a1-26e9-45d2-8c1a-9ce501420c35,Location and Transportation,Credit,Reduced Parking Footprint,1,,,0.0,not-started,,78b840d1-bc69-4b68-b41f-61c682335dd2,2026-04-14T08:17:52.511883+00:00,8,none,,,,,,,,
819be9d8-6151-415e-b0f8-fdf8589d6f58,92a774a1-26e9-45d2-8c1a-9ce501420c35,Location and Transportation,Credit,Electric Vehicles,1,,,0.0,not-started,,78b840d1-bc69-4b68-b41f-61c682335dd2,2026-04-14T08:17:52.511883+00:00,9,none,,,,,,,,
1d7c74aa-ec02-4000-9cd3-82560f252c95,92a774a1-26e9-45d2-8c1a-9ce501420c35,Sustainable Sites,Prereq,Construction Activity Pollution Prevention,Required,,,0.0,not-started,,78b840d1-bc69-4b68-b41f-61c682335dd2,2026-04-14T08:17:52.511883+00:00,10,none,,,,,,,,
a03eef9c-60a0-4f08-b0af-c194ad89f05f,92a774a1-26e9-45d2-8c1a-9ce501420c35,Sustainable Sites,Credit,Site Assessment,1,,,0.0,not-started,,78b840d1-bc69-4b68-b41f-61c682335dd2,2026-04-14T08:17:52.511883+00:00,11,none,,,,,,,,
2d198086-be3d-40e8-a887-739deff00649,92a774a1-26e9-45d2-8c1a-9ce501420c35,Sustainable Sites,Credit,Protect or Restore Habitat,2,,,0.0,not-started,,78b840d1-bc69-4b68-b41f-61c682335dd2,2026-04-14T08:17:52.511883+00:00,12,none,,,,,,,,
3abd25ae-3465-48e3-a286-9ca4443c31d9,92a774a1-26e9-45d2-8c1a-9ce501420c35,Sustainable Sites,Credit,Open Space,1,,,0.0,not-started,,78b840d1-bc69-4b68-b41f-61c682335dd2,2026-04-14T08:17:52.511883+00:00,13,none,,,,,,,,
8cb65f82-1cb5-486a-a1d5-b81930665cbe,92a774a1-26e9-45d2-8c1a-9ce501420c35,Sustainable Sites,Credit,Rainwater Management,3,,,0.0,not-started,,78b840d1-bc69-4b68-b41f-61c682335dd2,2026-04-14T08:17:52.511883+00:00,14,none,,,,,,,,
2d82caf1-b9cf-47e6-b820-e6656e07e11b,92a774a1-26e9-45d2-8c1a-9ce501420c35,Sustainable Sites,Credit,Heat Island Reduction,2,,,0.0,not-started,,78b840d1-bc69-4b68-b41f-61c682335dd2,2026-04-14T08:17:52.511883+00:00,15,none,,,,,,,,
11a74320-9880-4a74-9f0e-63f1c0376d22,92a774a1-26e9-45d2-8c1a-9ce501420c35,Sustainable Sites,Credit,Light Pollution Reduction,1,,,0.0,not-started,,78b840d1-bc69-4b68-b41f-61c682335dd2,2026-04-14T08:17:52.511883+00:00,16,none,,,,,,,,
6a6650b0-9e4e-4d4e-8a09-86166ebae43c,92a774a1-26e9-45d2-8c1a-9ce501420c35,Water Efficiency,Prereq,Outdoor Water Use Reduction,Required,,,0.0,not-started,,78b840d1-bc69-4b68-b41f-61c682335dd2,2026-04-14T08:17:52.511883+00:00,17,none,,,,,,,,
4c7b29ca-dd19-4f50-b0a6-60ea64b1d1f0,92a774a1-26e9-45d2-8c1a-9ce501420c35,Water Efficiency,Prereq,Indoor Water Use Reduction,Required,,,0.0,not-started,,78b840d1-bc69-4b68-b41f-61c682335dd2,2026-04-14T08:17:52.511883+00:00,18,none,,,,,,,,
8fbbae08-98c7-4a95-b373-8ab3288702b5,92a774a1-26e9-45d2-8c1a-9ce501420c35,Water Efficiency,Prereq,Building-Level Water Metering,Required,,,0.0,not-started,,78b840d1-bc69-4b68-b41f-61c682335dd2,2026-04-14T08:17:52.511883+00:00,19,none,,,,,,,,
f78eecd4-b9de-45d2-b0c1-8f8645262a07,92a774a1-26e9-45d2-8c1a-9ce501420c35,Water Efficiency,Credit,Outdoor Water Use Reduction,2,,,0.0,not-started,,78b840d1-bc69-4b68-b41f-61c682335dd2,2026-04-14T08:17:52.511883+00:00,20,none,,,,,,,,
969a565d-735a-4a21-85b3-bb1e6f2efb5d,92a774a1-26e9-45d2-8c1a-9ce501420c35,Water Efficiency,Credit,Indoor Water Use Reduction,6,,,0.0,not-started,,78b840d1-bc69-4b68-b41f-61c682335dd2,2026-04-14T08:17:52.707583+00:00,21,none,,,,,,,,
b99d9884-37ef-480d-961e-c41c87b0e344,92a774a1-26e9-45d2-8c1a-9ce501420c35,Water Efficiency,Credit,Optimize Process Water Use,2,,,0.0,not-started,,78b840d1-bc69-4b68-b41f-61c682335dd2,2026-04-14T08:17:52.707583+00:00,22,none,,,,,,,,
fd2ed913-fc1d-4880-99be-1dc9e1d4228f,92a774a1-26e9-45d2-8c1a-9ce501420c35,Water Efficiency,Credit,Water Metering,1,,,0.0,not-started,,78b840d1-bc69-4b68-b41f-61c682335dd2,2026-04-14T08:17:52.707583+00:00,23,none,,,,,,,,
cf842451-7d2e-445e-9dca-5eec295bb2a2,92a774a1-26e9-45d2-8c1a-9ce501420c35,Energy and Atmosphere,Prereq,Fundamental Commissioning and Verification,Required,,,0.0,not-started,,78b840d1-bc69-4b68-b41f-61c682335dd2,2026-04-14T08:17:52.707583+00:00,24,none,,,,,,,,
c8ebf6fd-8ae8-44f7-81de-4acbc3036e0e,92a774a1-26e9-45d2-8c1a-9ce501420c35,Energy and Atmosphere,Prereq,Minimum Energy Performance,Required,,,0.0,not-started,,78b840d1-bc69-4b68-b41f-61c682335dd2,2026-04-14T08:17:52.707583+00:00,25,none,,,,,,,,
18de93bf-3cba-4bfc-a908-99c4cbce291c,92a774a1-26e9-45d2-8c1a-9ce501420c35,Energy and Atmosphere,Prereq,Building-Level Energy Metering,Required,,,0.0,not-started,,78b840d1-bc69-4b68-b41f-61c682335dd2,2026-04-14T08:17:52.707583+00:00,26,none,,,,,,,,
14c7cb70-6b3e-487e-b1ab-f387a361e11d,92a774a1-26e9-45d2-8c1a-9ce501420c35,Energy and Atmosphere,Prereq,Fundamental Refrigerant Management,Required,,,0.0,not-started,,78b840d1-bc69-4b68-b41f-61c682335dd2,2026-04-14T08:17:52.707583+00:00,27,none,,,,,,,,
34929754-9f8f-4240-80a5-4e56ed08222a,92a774a1-26e9-45d2-8c1a-9ce501420c35,Energy and Atmosphere,Credit,Enhanced Commissioning,6,,,0.0,not-started,,78b840d1-bc69-4b68-b41f-61c682335dd2,2026-04-14T08:17:52.707583+00:00,28,none,,,,,,,,
ac35a655-3f02-4e31-b74e-8bc896d544d9,92a774a1-26e9-45d2-8c1a-9ce501420c35,Energy and Atmosphere,Credit,Optimize Energy Performance,18,,,0.0,not-started,,78b840d1-bc69-4b68-b41f-61c682335dd2,2026-04-14T08:17:52.707583+00:00,29,none,,,,,,,,
b9e79093-f357-43d1-9af9-7c23c089a7c0,92a774a1-26e9-45d2-8c1a-9ce501420c35,Energy and Atmosphere,Credit,Advanced Energy Metering,1,,,0.0,not-started,,78b840d1-bc69-4b68-b41f-61c682335dd2,2026-04-14T08:17:52.707583+00:00,30,none,,,,,,,,
a8d6fe69-2af3-403b-bc3b-96ca916fe900,92a774a1-26e9-45d2-8c1a-9ce501420c35,Energy and Atmosphere,Credit,Grid Harmonization,2,,,0.0,not-started,,78b840d1-bc69-4b68-b41f-61c682335dd2,2026-04-14T08:17:52.707583+00:00,31,none,,,,,,,,
acc67b0b-29f7-421c-9ebc-aa34bc37b91e,92a774a1-26e9-45d2-8c1a-9ce501420c35,Energy and Atmosphere,Credit,Renewable Energy,5,,,0.0,not-started,,78b840d1-bc69-4b68-b41f-61c682335dd2,2026-04-14T08:17:52.707583+00:00,32,none,,,,,,,,
e0aac5f7-de0b-45ff-8a68-dc4c63b829a5,92a774a1-26e9-45d2-8c1a-9ce501420c35,Energy and Atmosphere,Credit,Enhanced Refrigerant Management,1,,,0.0,not-started,,78b840d1-bc69-4b68-b41f-61c682335dd2,2026-04-14T08:17:52.707583+00:00,33,none,,,,,,,,
371d9bf7-c5ca-479a-b653-2d8e4390b76d,92a774a1-26e9-45d2-8c1a-9ce501420c35,Materials and Resources,Prereq,Storage and Collection of Recyclables,Required,,,0.0,not-started,,78b840d1-bc69-4b68-b41f-61c682335dd2,2026-04-14T08:17:52.707583+00:00,34,none,,,,,,,,
5b36cf71-7c1e-43e7-bd98-18d1090cd5a3,92a774a1-26e9-45d2-8c1a-9ce501420c35,Materials and Resources,Credit,Building Life-Cycle Impact Reduction,5,,,0.0,not-started,,78b840d1-bc69-4b68-b41f-61c682335dd2,2026-04-14T08:17:52.707583+00:00,35,none,,,,,,,,
0372b6e8-24eb-40be-9523-857c6079947a,92a774a1-26e9-45d2-8c1a-9ce501420c35,Materials and Resources,Credit,Environmental Product Declarations,2,,,0.0,not-started,,78b840d1-bc69-4b68-b41f-61c682335dd2,2026-04-14T08:17:52.707583+00:00,36,none,,,,,,,,
52a267cd-7d9d-4e92-b2bf-e1b70f317bb1,92a774a1-26e9-45d2-8c1a-9ce501420c35,Materials and Resources,Credit,Sourcing of Raw Materials,2,,,0.0,not-started,,78b840d1-bc69-4b68-b41f-61c682335dd2,2026-04-14T08:17:52.707583+00:00,37,none,,,,,,,,
d1a8e544-2742-4838-b888-16253b6a5cbf,92a774a1-26e9-45d2-8c1a-9ce501420c35,Materials and Resources,Credit,Material Ingredients,2,,,0.0,not-started,,78b840d1-bc69-4b68-b41f-61c682335dd2,2026-04-14T08:17:52.707583+00:00,38,none,,,,,,,,
ed0e87e5-1382-4924-bef4-16fe6972f3a7,92a774a1-26e9-45d2-8c1a-9ce501420c35,Materials and Resources,Credit,Construction and Demolition Waste Management,2,,,0.0,not-started,,78b840d1-bc69-4b68-b41f-61c682335dd2,2026-04-14T08:17:52.707583+00:00,39,none,,,,,,,,
f6ec2405-d32b-4152-8b99-01bd33fd4546,92a774a1-26e9-45d2-8c1a-9ce501420c35,Indoor Environmental Quality,Prereq,Minimum Indoor Air Quality Performance,Required,,,0.0,not-started,,78b840d1-bc69-4b68-b41f-61c682335dd2,2026-04-14T08:17:52.707583+00:00,40,none,,,,,,,,
4ba06df8-a9a0-433f-98d1-c001bf21da13,92a774a1-26e9-45d2-8c1a-9ce501420c35,Indoor Environmental Quality,Prereq,Environmental Tobacco Smoke Control,Required,,,0.0,not-started,,78b840d1-bc69-4b68-b41f-61c682335dd2,2026-04-14T08:17:52.878065+00:00,41,none,,,,,,,,
f4aaf7a7-b16f-4b8e-bb70-c03e3d625dd3,92a774a1-26e9-45d2-8c1a-9ce501420c35,Indoor Environmental Quality,Credit,Enhanced Indoor Air Quality Strategies,2,,,0.0,not-started,,78b840d1-bc69-4b68-b41f-61c682335dd2,2026-04-14T08:17:52.878065+00:00,42,none,,,,,,,,
0b123fde-3d86-4c45-b8c3-1e44531bf018,92a774a1-26e9-45d2-8c1a-9ce501420c35,Indoor Environmental Quality,Credit,Low-Emitting Materials,3,,,0.0,not-started,,78b840d1-bc69-4b68-b41f-61c682335dd2,2026-04-14T08:17:52.878065+00:00,43,none,,,,,,,,
897ba786-276b-4be1-aedc-fca2cb7d4ffd,92a774a1-26e9-45d2-8c1a-9ce501420c35,Indoor Environmental Quality,Credit,Construction Indoor Air Quality Management Plan,1,,,0.0,not-started,,78b840d1-bc69-4b68-b41f-61c682335dd2,2026-04-14T08:17:52.878065+00:00,44,none,,,,,,,,
a23cefee-1878-4de5-a16f-b69755c3edc4,92a774a1-26e9-45d2-8c1a-9ce501420c35,Indoor Environmental Quality,Credit,Indoor Air Quality Assessment,2,,,0.0,not-started,,78b840d1-bc69-4b68-b41f-61c682335dd2,2026-04-14T08:17:52.878065+00:00,45,none,,,,,,,,
0ab4f2fd-c604-433e-af8e-48d4f3b9b52d,92a774a1-26e9-45d2-8c1a-9ce501420c35,Indoor Environmental Quality,Credit,Thermal Comfort,1,,,0.0,not-started,,78b840d1-bc69-4b68-b41f-61c682335dd2,2026-04-14T08:17:52.878065+00:00,46,none,,,,,,,,
76c4fa65-9d9c-4238-b398-4bd809ac4404,92a774a1-26e9-45d2-8c1a-9ce501420c35,Indoor Environmental Quality,Credit,Interior Lighting,2,,,0.0,not-started,,78b840d1-bc69-4b68-b41f-61c682335dd2,2026-04-14T08:17:52.878065+00:00,47,none,,,,,,,,
013755d5-49c0-4bf7-8036-42e3d5bc9848,92a774a1-26e9-45d2-8c1a-9ce501420c35,Indoor Environmental Quality,Credit,Daylight,3,,,0.0,not-started,,78b840d1-bc69-4b68-b41f-61c682335dd2,2026-04-14T08:17:52.878065+00:00,48,none,,,,,,,,
b2b180cf-c411-4473-b469-244a8ea6d193,92a774a1-26e9-45d2-8c1a-9ce501420c35,Indoor Environmental Quality,Credit,Quality Views,1,,,0.0,not-started,,78b840d1-bc69-4b68-b41f-61c682335dd2,2026-04-14T08:17:52.878065+00:00,49,none,,,,,,,,
9f3b8e06-491f-4d7a-be04-aff3d9b21bc9,92a774a1-26e9-45d2-8c1a-9ce501420c35,Indoor Environmental Quality,Credit,Acoustic Performance,1,,,0.0,not-started,,78b840d1-bc69-4b68-b41f-61c682335dd2,2026-04-14T08:17:52.878065+00:00,50,none,,,,,,,,
b3a71ae4-68b2-4eb6-8f08-0d9001368e6b,92a774a1-26e9-45d2-8c1a-9ce501420c35,Innovation,Credit,Innovation,5,,,0.0,not-started,,78b840d1-bc69-4b68-b41f-61c682335dd2,2026-04-14T08:17:52.878065+00:00,51,none,,,,,,,,
7fb74808-c044-4391-8e4a-71221c438392,92a774a1-26e9-45d2-8c1a-9ce501420c35,Innovation,Credit,LEED Accredited Professional,1,,,0.0,not-started,,78b840d1-bc69-4b68-b41f-61c682335dd2,2026-04-14T08:17:52.878065+00:00,52,none,,,,,,,,
bee685ea-7c60-4657-b065-710f853ee292,92a774a1-26e9-45d2-8c1a-9ce501420c35,Regional Priority,Credit,Regional Priority: Specific Credit,4,,,0.0,not-started,,78b840d1-bc69-4b68-b41f-61c682335dd2,2026-04-14T08:17:52.878065+00:00,53,none,,,,,,,,
25db01a8-4b35-493c-bcbb-946d19d550d6,c987d0f8-d178-4898-b995-cde57a488194,Integrative Process,Credit,Integrative Process,1,,,0.0,not-started,,b60416d2-388a-4d37-9008-fd77bb42be25,2026-04-17T09:11:23.264613+00:00,1,none,,,,,,,,
231dde54-42e1-4d01-a863-a1c7c376da13,c987d0f8-d178-4898-b995-cde57a488194,Location and Transportation,Credit,LEED for Neighborhood Development Location,16,,,0.0,not-started,,b60416d2-388a-4d37-9008-fd77bb42be25,2026-04-17T09:11:23.264613+00:00,2,none,,,,,,,,
baa6696f-7de6-4558-92e6-85c4f4800ccc,c987d0f8-d178-4898-b995-cde57a488194,Location and Transportation,Credit,Sensitive Land Protection,1,,,0.0,not-started,,b60416d2-388a-4d37-9008-fd77bb42be25,2026-04-17T09:11:23.264613+00:00,3,none,,,,,,,,
eb447bd2-ab18-4a4d-899a-ba1ba75cec84,c987d0f8-d178-4898-b995-cde57a488194,Location and Transportation,Credit,High Priority Site and Equitable Development,2,,,0.0,not-started,,b60416d2-388a-4d37-9008-fd77bb42be25,2026-04-17T09:11:23.264613+00:00,4,none,,,,,,,,
f5133441-a64b-44da-9567-51c66a403cc4,c987d0f8-d178-4898-b995-cde57a488194,Location and Transportation,Credit,Surrounding Density and Diverse Uses,5,,,0.0,not-started,,b60416d2-388a-4d37-9008-fd77bb42be25,2026-04-17T09:11:23.264613+00:00,5,none,,,,,,,,
db6e8d10-4de4-4fc4-bad5-c876c3460949,c987d0f8-d178-4898-b995-cde57a488194,Location and Transportation,Credit,Access to Quality Transit,5,,,0.0,not-started,,b60416d2-388a-4d37-9008-fd77bb42be25,2026-04-17T09:11:23.264613+00:00,6,none,,,,,,,,
7312d3b3-f5ef-4746-b606-66810a24fd74,c987d0f8-d178-4898-b995-cde57a488194,Location and Transportation,Credit,Bicycle Facilities,1,,,0.0,not-started,,b60416d2-388a-4d37-9008-fd77bb42be25,2026-04-17T09:11:23.264613+00:00,7,none,,,,,,,,
58ace7d4-384d-4a24-8884-e46b38e37e0c,c987d0f8-d178-4898-b995-cde57a488194,Location and Transportation,Credit,Reduced Parking Footprint,1,,,0.0,not-started,,b60416d2-388a-4d37-9008-fd77bb42be25,2026-04-17T09:11:23.264613+00:00,8,none,,,,,,,,
6ffae781-c734-4614-b54f-5c9294e13200,c987d0f8-d178-4898-b995-cde57a488194,Location and Transportation,Credit,Electric Vehicles,1,,,0.0,not-started,,b60416d2-388a-4d37-9008-fd77bb42be25,2026-04-17T09:11:23.264613+00:00,9,none,,,,,,,,
46b229bc-b7a2-456d-bea2-b652c9e757bf,c987d0f8-d178-4898-b995-cde57a488194,Sustainable Sites,Prereq,Construction Activity Pollution Prevention,Required,,,0.0,not-started,,b60416d2-388a-4d37-9008-fd77bb42be25,2026-04-17T09:11:23.264613+00:00,10,none,,,,,,,,
6d5804b4-28ca-4ac7-8e79-e06de2b710d5,c987d0f8-d178-4898-b995-cde57a488194,Sustainable Sites,Credit,Site Assessment,1,,,0.0,not-started,,b60416d2-388a-4d37-9008-fd77bb42be25,2026-04-17T09:11:23.264613+00:00,11,none,,,,,,,,
31866026-6347-4fc0-bd57-1ac9f2f41a1c,c987d0f8-d178-4898-b995-cde57a488194,Sustainable Sites,Credit,Protect or Restore Habitat,2,,,0.0,not-started,,b60416d2-388a-4d37-9008-fd77bb42be25,2026-04-17T09:11:23.264613+00:00,12,none,,,,,,,,
9f509e78-953e-40e4-b642-93ae0ace2661,c987d0f8-d178-4898-b995-cde57a488194,Sustainable Sites,Credit,Open Space,1,,,0.0,not-started,,b60416d2-388a-4d37-9008-fd77bb42be25,2026-04-17T09:11:23.264613+00:00,13,none,,,,,,,,
f5af6d78-62e3-4ded-adff-d1fb1fc2c446,c987d0f8-d178-4898-b995-cde57a488194,Sustainable Sites,Credit,Rainwater Management,3,,,0.0,not-started,,b60416d2-388a-4d37-9008-fd77bb42be25,2026-04-17T09:11:23.264613+00:00,14,none,,,,,,,,
2c049cbd-d40f-4b1d-8178-0219ad9f5511,c987d0f8-d178-4898-b995-cde57a488194,Sustainable Sites,Credit,Heat Island Reduction,2,,,0.0,not-started,,b60416d2-388a-4d37-9008-fd77bb42be25,2026-04-17T09:11:23.264613+00:00,15,none,,,,,,,,
134be5de-6109-40c5-ae69-e78a01cf38e0,c987d0f8-d178-4898-b995-cde57a488194,Sustainable Sites,Credit,Light Pollution Reduction,1,,,0.0,not-started,,b60416d2-388a-4d37-9008-fd77bb42be25,2026-04-17T09:11:23.264613+00:00,16,none,,,,,,,,
3a7eeec9-d17a-4d51-8c73-481b3cc5f4ea,c987d0f8-d178-4898-b995-cde57a488194,Water Efficiency,Prereq,Outdoor Water Use Reduction,Required,,,0.0,not-started,,b60416d2-388a-4d37-9008-fd77bb42be25,2026-04-17T09:11:23.264613+00:00,17,none,,,,,,,,
4cfb4190-98f1-4613-8c25-114819da1e2c,c987d0f8-d178-4898-b995-cde57a488194,Water Efficiency,Prereq,Indoor Water Use Reduction,Required,,,0.0,not-started,,b60416d2-388a-4d37-9008-fd77bb42be25,2026-04-17T09:11:23.264613+00:00,18,none,,,,,,,,
2f76c835-31c9-4361-9c87-4e26ec36ba83,c987d0f8-d178-4898-b995-cde57a488194,Water Efficiency,Prereq,Building-Level Water Metering,Required,,,0.0,not-started,,b60416d2-388a-4d37-9008-fd77bb42be25,2026-04-17T09:11:23.264613+00:00,19,none,,,,,,,,
95b58aa2-e6ec-4890-a5a0-f143839136e2,c987d0f8-d178-4898-b995-cde57a488194,Water Efficiency,Credit,Outdoor Water Use Reduction,2,,,0.0,not-started,,b60416d2-388a-4d37-9008-fd77bb42be25,2026-04-17T09:11:23.264613+00:00,20,none,,,,,,,,
fb629547-28ec-4d04-944a-34b9c565121c,c987d0f8-d178-4898-b995-cde57a488194,Water Efficiency,Credit,Indoor Water Use Reduction,6,,,0.0,not-started,,b60416d2-388a-4d37-9008-fd77bb42be25,2026-04-17T09:11:23.457445+00:00,21,none,,,,,,,,
358e0849-5acd-4ae7-9a8e-8e9ae25a43e3,c987d0f8-d178-4898-b995-cde57a488194,Water Efficiency,Credit,Optimize Process Water Use,2,,,0.0,not-started,,b60416d2-388a-4d37-9008-fd77bb42be25,2026-04-17T09:11:23.457445+00:00,22,none,,,,,,,,
d8a09d87-0cb9-486c-ba6e-761c0f7038ee,c987d0f8-d178-4898-b995-cde57a488194,Water Efficiency,Credit,Water Metering,1,,,0.0,not-started,,b60416d2-388a-4d37-9008-fd77bb42be25,2026-04-17T09:11:23.457445+00:00,23,none,,,,,,,,
de28aa2b-74ce-40e9-993c-6d3cdd6999cc,c987d0f8-d178-4898-b995-cde57a488194,Energy and Atmosphere,Prereq,Fundamental Commissioning and Verification,Required,,,0.0,not-started,,b60416d2-388a-4d37-9008-fd77bb42be25,2026-04-17T09:11:23.457445+00:00,24,none,,,,,,,,
3e691b97-ff31-49c7-9bfa-42effbd6951b,c987d0f8-d178-4898-b995-cde57a488194,Energy and Atmosphere,Prereq,Minimum Energy Performance,Required,,,0.0,not-started,,b60416d2-388a-4d37-9008-fd77bb42be25,2026-04-17T09:11:23.457445+00:00,25,none,,,,,,,,
c38ad736-16f1-44d0-954d-94cac1783619,c987d0f8-d178-4898-b995-cde57a488194,Energy and Atmosphere,Prereq,Building-Level Energy Metering,Required,,,0.0,not-started,,b60416d2-388a-4d37-9008-fd77bb42be25,2026-04-17T09:11:23.457445+00:00,26,none,,,,,,,,
02da2d25-4896-421a-80de-553a743323dc,c987d0f8-d178-4898-b995-cde57a488194,Energy and Atmosphere,Prereq,Fundamental Refrigerant Management,Required,,,0.0,not-started,,b60416d2-388a-4d37-9008-fd77bb42be25,2026-04-17T09:11:23.457445+00:00,27,none,,,,,,,,
522bc1b8-4ae8-4424-93c3-d65c4d2101f1,c987d0f8-d178-4898-b995-cde57a488194,Energy and Atmosphere,Credit,Enhanced Commissioning,6,,,0.0,not-started,,b60416d2-388a-4d37-9008-fd77bb42be25,2026-04-17T09:11:23.457445+00:00,28,none,,,,,,,,
a073a878-3902-46ca-90a7-da8f43ceecb6,c987d0f8-d178-4898-b995-cde57a488194,Energy and Atmosphere,Credit,Optimize Energy Performance,18,,,0.0,not-started,,b60416d2-388a-4d37-9008-fd77bb42be25,2026-04-17T09:11:23.457445+00:00,29,none,,,,,,,,
ebaeb2ed-0bd1-4136-9b72-61f5dc824c70,c987d0f8-d178-4898-b995-cde57a488194,Energy and Atmosphere,Credit,Advanced Energy Metering,1,,,0.0,not-started,,b60416d2-388a-4d37-9008-fd77bb42be25,2026-04-17T09:11:23.457445+00:00,30,none,,,,,,,,
3b542bc0-9591-4f92-aef4-6a19493f8975,c987d0f8-d178-4898-b995-cde57a488194,Energy and Atmosphere,Credit,Grid Harmonization,2,,,0.0,not-started,,b60416d2-388a-4d37-9008-fd77bb42be25,2026-04-17T09:11:23.457445+00:00,31,none,,,,,,,,
75a2def6-4d46-47f7-83d7-f0494d85e7cd,c987d0f8-d178-4898-b995-cde57a488194,Energy and Atmosphere,Credit,Renewable Energy,5,,,0.0,not-started,,b60416d2-388a-4d37-9008-fd77bb42be25,2026-04-17T09:11:23.457445+00:00,32,none,,,,,,,,
c1294173-9784-41ce-80d8-92807cb83ab2,c987d0f8-d178-4898-b995-cde57a488194,Energy and Atmosphere,Credit,Enhanced Refrigerant Management,1,,,0.0,not-started,,b60416d2-388a-4d37-9008-fd77bb42be25,2026-04-17T09:11:23.457445+00:00,33,none,,,,,,,,
1f151634-679d-407f-90f5-0d859ed456fe,c987d0f8-d178-4898-b995-cde57a488194,Materials and Resources,Prereq,Storage and Collection of Recyclables,Required,,,0.0,not-started,,b60416d2-388a-4d37-9008-fd77bb42be25,2026-04-17T09:11:23.457445+00:00,34,none,,,,,,,,
6e9e18c5-1ce3-47d3-8d15-c705b1edd34e,c987d0f8-d178-4898-b995-cde57a488194,Materials and Resources,Credit,Building Life-Cycle Impact Reduction,5,,,0.0,not-started,,b60416d2-388a-4d37-9008-fd77bb42be25,2026-04-17T09:11:23.457445+00:00,35,none,,,,,,,,
1c096f59-a91e-438a-9e12-cae27d64f191,c987d0f8-d178-4898-b995-cde57a488194,Materials and Resources,Credit,Environmental Product Declarations,2,,,0.0,not-started,,b60416d2-388a-4d37-9008-fd77bb42be25,2026-04-17T09:11:23.457445+00:00,36,none,,,,,,,,
75497959-1478-4ecd-a12c-813642d513f4,c987d0f8-d178-4898-b995-cde57a488194,Materials and Resources,Credit,Sourcing of Raw Materials,2,,,0.0,not-started,,b60416d2-388a-4d37-9008-fd77bb42be25,2026-04-17T09:11:23.457445+00:00,37,none,,,,,,,,
95ffdbad-190e-4d96-802b-4b47f41bec86,c987d0f8-d178-4898-b995-cde57a488194,Materials and Resources,Credit,Material Ingredients,2,,,0.0,not-started,,b60416d2-388a-4d37-9008-fd77bb42be25,2026-04-17T09:11:23.457445+00:00,38,none,,,,,,,,
039b195d-8b9b-45fd-8f04-ef0f09c0879b,c987d0f8-d178-4898-b995-cde57a488194,Materials and Resources,Credit,Construction and Demolition Waste Management,2,,,0.0,not-started,,b60416d2-388a-4d37-9008-fd77bb42be25,2026-04-17T09:11:23.457445+00:00,39,none,,,,,,,,
1f575882-3eca-4a0e-aa76-1aef4b481669,c987d0f8-d178-4898-b995-cde57a488194,Indoor Environmental Quality,Prereq,Minimum Indoor Air Quality Performance,Required,,,0.0,not-started,,b60416d2-388a-4d37-9008-fd77bb42be25,2026-04-17T09:11:23.457445+00:00,40,none,,,,,,,,
54e6f7b4-f56d-4c7f-b76b-f7b901eaa59f,c987d0f8-d178-4898-b995-cde57a488194,Indoor Environmental Quality,Prereq,Environmental Tobacco Smoke Control,Required,,,0.0,not-started,,b60416d2-388a-4d37-9008-fd77bb42be25,2026-04-17T09:11:23.644957+00:00,41,none,,,,,,,,
a77c7e88-2dd5-45c9-88ba-d262cc1b08dc,c987d0f8-d178-4898-b995-cde57a488194,Indoor Environmental Quality,Credit,Enhanced Indoor Air Quality Strategies,2,,,0.0,not-started,,b60416d2-388a-4d37-9008-fd77bb42be25,2026-04-17T09:11:23.644957+00:00,42,none,,,,,,,,
bb206c14-60d4-40ab-991e-a3abf812ec41,c987d0f8-d178-4898-b995-cde57a488194,Indoor Environmental Quality,Credit,Low-Emitting Materials,3,,,0.0,not-started,,b60416d2-388a-4d37-9008-fd77bb42be25,2026-04-17T09:11:23.644957+00:00,43,none,,,,,,,,
ca6b366e-ab6b-4f02-bef3-dc38a6235019,c987d0f8-d178-4898-b995-cde57a488194,Indoor Environmental Quality,Credit,Construction Indoor Air Quality Management Plan,1,,,0.0,not-started,,b60416d2-388a-4d37-9008-fd77bb42be25,2026-04-17T09:11:23.644957+00:00,44,none,,,,,,,,
71c31f21-b200-4723-8801-6f9e7d155ec4,c987d0f8-d178-4898-b995-cde57a488194,Indoor Environmental Quality,Credit,Indoor Air Quality Assessment,2,,,0.0,not-started,,b60416d2-388a-4d37-9008-fd77bb42be25,2026-04-17T09:11:23.644957+00:00,45,none,,,,,,,,
75f46889-cbbc-4d3a-8cb1-60efb3b3e219,c987d0f8-d178-4898-b995-cde57a488194,Indoor Environmental Quality,Credit,Thermal Comfort,1,,,0.0,not-started,,b60416d2-388a-4d37-9008-fd77bb42be25,2026-04-17T09:11:23.644957+00:00,46,none,,,,,,,,
1c4e0b7d-f074-494a-89ba-d7b6a3a796e0,c987d0f8-d178-4898-b995-cde57a488194,Indoor Environmental Quality,Credit,Interior Lighting,2,,,0.0,not-started,,b60416d2-388a-4d37-9008-fd77bb42be25,2026-04-17T09:11:23.644957+00:00,47,none,,,,,,,,
f10d4e22-3976-4d6c-a0ca-17b3e81342f4,c987d0f8-d178-4898-b995-cde57a488194,Indoor Environmental Quality,Credit,Daylight,3,,,0.0,not-started,,b60416d2-388a-4d37-9008-fd77bb42be25,2026-04-17T09:11:23.644957+00:00,48,none,,,,,,,,
869ceb7e-ee6f-4dbc-bc06-90758f67e7fb,c987d0f8-d178-4898-b995-cde57a488194,Indoor Environmental Quality,Credit,Quality Views,1,,,0.0,not-started,,b60416d2-388a-4d37-9008-fd77bb42be25,2026-04-17T09:11:23.644957+00:00,49,none,,,,,,,,
f39ea241-367c-4ba5-a4fa-1f6d9e0234f1,c987d0f8-d178-4898-b995-cde57a488194,Indoor Environmental Quality,Credit,Acoustic Performance,1,,,0.0,not-started,,b60416d2-388a-4d37-9008-fd77bb42be25,2026-04-17T09:11:23.644957+00:00,50,none,,,,,,,,
dc077baa-2505-47c4-9396-a55bb08c8246,c987d0f8-d178-4898-b995-cde57a488194,Innovation,Credit,Innovation,5,,,0.0,not-started,,b60416d2-388a-4d37-9008-fd77bb42be25,2026-04-17T09:11:23.644957+00:00,51,none,,,,,,,,
9e8a5801-1488-4990-b696-25dae2a4ebd8,c987d0f8-d178-4898-b995-cde57a488194,Innovation,Credit,LEED Accredited Professional,1,,,0.0,not-started,,b60416d2-388a-4d37-9008-fd77bb42be25,2026-04-17T09:11:23.644957+00:00,52,none,,,,,,,,
e07954f4-d2e8-4795-bb23-12131c490df0,c987d0f8-d178-4898-b995-cde57a488194,Regional Priority,Credit,Regional Priority: Specific Credit,4,,,0.0,not-started,,b60416d2-388a-4d37-9008-fd77bb42be25,2026-04-17T09:11:23.644957+00:00,53,none,,,,,,,,
bf64746e-5f81-4e02-ac4c-dad827d74f20,c987d0f8-d178-4898-b995-cde57a488194,Integrative Process,Credit,jbhbjh,—,,,0.0,not-started,,b60416d2-388a-4d37-9008-fd77bb42be25,2026-04-17T14:41:23.007413+00:00,0,none,,,,,,,,
6bbacf79-4411-4386-8626-298a53683557,45dc65bd-890d-45ee-9494-4cba12b962f2,Integrative Process,Credit,Integrative Process,1,,,0.0,not-started,,ba080462-2b3f-40a5-b321-5a8b872d1d59,2026-04-18T09:34:42.166615+00:00,1,none,,,,,,,,
9b64e801-ae5c-4b38-9cb4-5e2af8585043,45dc65bd-890d-45ee-9494-4cba12b962f2,Location and Transportation,Credit,LEED for Neighborhood Development Location,16,,,0.0,not-started,,ba080462-2b3f-40a5-b321-5a8b872d1d59,2026-04-18T09:34:42.166615+00:00,2,none,,,,,,,,
ca4fe782-a6c4-43b1-8d07-6e7b4c3f42c1,45dc65bd-890d-45ee-9494-4cba12b962f2,Location and Transportation,Credit,Sensitive Land Protection,1,,,0.0,not-started,,ba080462-2b3f-40a5-b321-5a8b872d1d59,2026-04-18T09:34:42.166615+00:00,3,none,,,,,,,,
3e62f2e6-9ae7-4977-b023-707fc2962e7c,45dc65bd-890d-45ee-9494-4cba12b962f2,Location and Transportation,Credit,High Priority Site and Equitable Development,2,,,0.0,not-started,,ba080462-2b3f-40a5-b321-5a8b872d1d59,2026-04-18T09:34:42.166615+00:00,4,none,,,,,,,,
150ba746-5872-42f9-97ca-2d33831f487f,45dc65bd-890d-45ee-9494-4cba12b962f2,Location and Transportation,Credit,Surrounding Density and Diverse Uses,5,,,0.0,not-started,,ba080462-2b3f-40a5-b321-5a8b872d1d59,2026-04-18T09:34:42.166615+00:00,5,none,,,,,,,,
5e5b9cd3-e190-40d9-a4f0-4d4d7eb7097a,45dc65bd-890d-45ee-9494-4cba12b962f2,Location and Transportation,Credit,Access to Quality Transit,5,,,0.0,not-started,,ba080462-2b3f-40a5-b321-5a8b872d1d59,2026-04-18T09:34:42.166615+00:00,6,none,,,,,,,,
2e1c44a8-7cdd-4f0b-b5cc-a09572cd394f,45dc65bd-890d-45ee-9494-4cba12b962f2,Location and Transportation,Credit,Bicycle Facilities,1,,,0.0,not-started,,ba080462-2b3f-40a5-b321-5a8b872d1d59,2026-04-18T09:34:42.166615+00:00,7,none,,,,,,,,
9cb794d9-6719-41e8-b352-e26cbbded449,45dc65bd-890d-45ee-9494-4cba12b962f2,Location and Transportation,Credit,Reduced Parking Footprint,1,,,0.0,not-started,,ba080462-2b3f-40a5-b321-5a8b872d1d59,2026-04-18T09:34:42.166615+00:00,8,none,,,,,,,,
814e8aa1-fdbe-4b62-a2f8-9c095b98d382,45dc65bd-890d-45ee-9494-4cba12b962f2,Location and Transportation,Credit,Electric Vehicles,1,,,0.0,not-started,,ba080462-2b3f-40a5-b321-5a8b872d1d59,2026-04-18T09:34:42.166615+00:00,9,none,,,,,,,,
0e4805a3-78fe-4a0e-a388-ddb5ba996d31,45dc65bd-890d-45ee-9494-4cba12b962f2,Sustainable Sites,Prereq,Construction Activity Pollution Prevention,Required,,,0.0,not-started,,ba080462-2b3f-40a5-b321-5a8b872d1d59,2026-04-18T09:34:42.166615+00:00,10,none,,,,,,,,
bfb4dd56-d2e6-4b99-b9ae-f17673249192,45dc65bd-890d-45ee-9494-4cba12b962f2,Sustainable Sites,Credit,Site Assessment,1,,,0.0,not-started,,ba080462-2b3f-40a5-b321-5a8b872d1d59,2026-04-18T09:34:42.166615+00:00,11,none,,,,,,,,
8f343ebb-92e7-4065-a649-c759108c7055,45dc65bd-890d-45ee-9494-4cba12b962f2,Sustainable Sites,Credit,Protect or Restore Habitat,2,,,0.0,not-started,,ba080462-2b3f-40a5-b321-5a8b872d1d59,2026-04-18T09:34:42.166615+00:00,12,none,,,,,,,,
c6628a67-baae-4024-b756-59c58d114f0b,45dc65bd-890d-45ee-9494-4cba12b962f2,Sustainable Sites,Credit,Open Space,1,,,0.0,not-started,,ba080462-2b3f-40a5-b321-5a8b872d1d59,2026-04-18T09:34:42.166615+00:00,13,none,,,,,,,,
b411ed13-9c8e-40f3-9cee-02ed5beed362,45dc65bd-890d-45ee-9494-4cba12b962f2,Sustainable Sites,Credit,Rainwater Management,3,,,0.0,not-started,,ba080462-2b3f-40a5-b321-5a8b872d1d59,2026-04-18T09:34:42.166615+00:00,14,none,,,,,,,,
205fd245-1fbf-4554-bb58-751f522aaa02,45dc65bd-890d-45ee-9494-4cba12b962f2,Sustainable Sites,Credit,Heat Island Reduction,2,,,0.0,not-started,,ba080462-2b3f-40a5-b321-5a8b872d1d59,2026-04-18T09:34:42.166615+00:00,15,none,,,,,,,,
2eb35ee2-11ea-4496-9083-f18eac8adf5c,45dc65bd-890d-45ee-9494-4cba12b962f2,Sustainable Sites,Credit,Light Pollution Reduction,1,,,0.0,not-started,,ba080462-2b3f-40a5-b321-5a8b872d1d59,2026-04-18T09:34:42.166615+00:00,16,none,,,,,,,,
14664d66-121a-4ea5-8896-7f5fb9ce60df,45dc65bd-890d-45ee-9494-4cba12b962f2,Water Efficiency,Prereq,Outdoor Water Use Reduction,Required,,,0.0,not-started,,ba080462-2b3f-40a5-b321-5a8b872d1d59,2026-04-18T09:34:42.166615+00:00,17,none,,,,,,,,
02f209c9-635f-42d6-8172-e43107e8fe2c,45dc65bd-890d-45ee-9494-4cba12b962f2,Water Efficiency,Prereq,Indoor Water Use Reduction,Required,,,0.0,not-started,,ba080462-2b3f-40a5-b321-5a8b872d1d59,2026-04-18T09:34:42.166615+00:00,18,none,,,,,,,,
ea1a7b39-4761-4e49-8b96-e6b2fe9da277,45dc65bd-890d-45ee-9494-4cba12b962f2,Water Efficiency,Prereq,Building-Level Water Metering,Required,,,0.0,not-started,,ba080462-2b3f-40a5-b321-5a8b872d1d59,2026-04-18T09:34:42.166615+00:00,19,none,,,,,,,,
8bd2e9e8-c033-4a73-9c41-483da952395f,45dc65bd-890d-45ee-9494-4cba12b962f2,Water Efficiency,Credit,Outdoor Water Use Reduction,2,,,0.0,not-started,,ba080462-2b3f-40a5-b321-5a8b872d1d59,2026-04-18T09:34:42.166615+00:00,20,none,,,,,,,,
f8563593-cf0a-4681-871f-579b749a4ea0,45dc65bd-890d-45ee-9494-4cba12b962f2,Water Efficiency,Credit,Indoor Water Use Reduction,6,,,0.0,not-started,,ba080462-2b3f-40a5-b321-5a8b872d1d59,2026-04-18T09:34:42.444963+00:00,21,none,,,,,,,,
3bd8a13e-1bd6-4451-b5c8-c9a588f40026,45dc65bd-890d-45ee-9494-4cba12b962f2,Water Efficiency,Credit,Optimize Process Water Use,2,,,0.0,not-started,,ba080462-2b3f-40a5-b321-5a8b872d1d59,2026-04-18T09:34:42.444963+00:00,22,none,,,,,,,,
58b77f0d-97bb-4f15-8de5-e580579e1d66,45dc65bd-890d-45ee-9494-4cba12b962f2,Water Efficiency,Credit,Water Metering,1,,,0.0,not-started,,ba080462-2b3f-40a5-b321-5a8b872d1d59,2026-04-18T09:34:42.444963+00:00,23,none,,,,,,,,
90332cb1-67a4-4d16-aff7-642c112954b2,45dc65bd-890d-45ee-9494-4cba12b962f2,Energy and Atmosphere,Prereq,Fundamental Commissioning and Verification,Required,,,0.0,not-started,,ba080462-2b3f-40a5-b321-5a8b872d1d59,2026-04-18T09:34:42.444963+00:00,24,none,,,,,,,,
d4d8b488-b2ac-4b77-9cc1-6a0876802843,45dc65bd-890d-45ee-9494-4cba12b962f2,Energy and Atmosphere,Prereq,Minimum Energy Performance,Required,,,0.0,not-started,,ba080462-2b3f-40a5-b321-5a8b872d1d59,2026-04-18T09:34:42.444963+00:00,25,none,,,,,,,,
bd8379a5-2b79-4009-8a49-dd6006a2d694,45dc65bd-890d-45ee-9494-4cba12b962f2,Energy and Atmosphere,Prereq,Building-Level Energy Metering,Required,,,0.0,not-started,,ba080462-2b3f-40a5-b321-5a8b872d1d59,2026-04-18T09:34:42.444963+00:00,26,none,,,,,,,,
2d653d1d-31cf-4888-83ba-c78ddc6fd015,45dc65bd-890d-45ee-9494-4cba12b962f2,Energy and Atmosphere,Prereq,Fundamental Refrigerant Management,Required,,,0.0,not-started,,ba080462-2b3f-40a5-b321-5a8b872d1d59,2026-04-18T09:34:42.444963+00:00,27,none,,,,,,,,
3d79468e-15c9-4059-82dc-082630c6fbd1,45dc65bd-890d-45ee-9494-4cba12b962f2,Energy and Atmosphere,Credit,Enhanced Commissioning,6,,,0.0,not-started,,ba080462-2b3f-40a5-b321-5a8b872d1d59,2026-04-18T09:34:42.444963+00:00,28,none,,,,,,,,
f2e18afe-3d17-44b4-a2b5-79cd1902747c,45dc65bd-890d-45ee-9494-4cba12b962f2,Energy and Atmosphere,Credit,Optimize Energy Performance,18,,,0.0,not-started,,ba080462-2b3f-40a5-b321-5a8b872d1d59,2026-04-18T09:34:42.444963+00:00,29,none,,,,,,,,
836d0a5a-1e56-4529-b12d-ef744ceb28ee,45dc65bd-890d-45ee-9494-4cba12b962f2,Energy and Atmosphere,Credit,Advanced Energy Metering,1,,,0.0,not-started,,ba080462-2b3f-40a5-b321-5a8b872d1d59,2026-04-18T09:34:42.444963+00:00,30,none,,,,,,,,
9b97ebb1-057a-437b-ad10-b4b8172ac8b9,45dc65bd-890d-45ee-9494-4cba12b962f2,Energy and Atmosphere,Credit,Grid Harmonization,2,,,0.0,not-started,,ba080462-2b3f-40a5-b321-5a8b872d1d59,2026-04-18T09:34:42.444963+00:00,31,none,,,,,,,,
1853df45-b166-4ec3-9f83-6d3b53bc8bee,45dc65bd-890d-45ee-9494-4cba12b962f2,Energy and Atmosphere,Credit,Renewable Energy,5,,,0.0,not-started,,ba080462-2b3f-40a5-b321-5a8b872d1d59,2026-04-18T09:34:42.444963+00:00,32,none,,,,,,,,
bd44d50a-c1be-4e9c-8e03-255a02ddaaa8,45dc65bd-890d-45ee-9494-4cba12b962f2,Energy and Atmosphere,Credit,Enhanced Refrigerant Management,1,,,0.0,not-started,,ba080462-2b3f-40a5-b321-5a8b872d1d59,2026-04-18T09:34:42.444963+00:00,33,none,,,,,,,,
8cf708fc-5189-48a9-8690-3a5f0df57bbd,45dc65bd-890d-45ee-9494-4cba12b962f2,Materials and Resources,Prereq,Storage and Collection of Recyclables,Required,,,0.0,not-started,,ba080462-2b3f-40a5-b321-5a8b872d1d59,2026-04-18T09:34:42.444963+00:00,34,none,,,,,,,,
a05f44b0-a82a-43e7-b762-fed609dbe1b9,45dc65bd-890d-45ee-9494-4cba12b962f2,Materials and Resources,Credit,Building Life-Cycle Impact Reduction,5,,,0.0,not-started,,ba080462-2b3f-40a5-b321-5a8b872d1d59,2026-04-18T09:34:42.444963+00:00,35,none,,,,,,,,
b6d0de3f-2a25-4305-978e-9f4a168e48dd,45dc65bd-890d-45ee-9494-4cba12b962f2,Materials and Resources,Credit,Environmental Product Declarations,2,,,0.0,not-started,,ba080462-2b3f-40a5-b321-5a8b872d1d59,2026-04-18T09:34:42.444963+00:00,36,none,,,,,,,,
3eebcd40-3d4c-4d74-b941-72dcdb97c348,45dc65bd-890d-45ee-9494-4cba12b962f2,Materials and Resources,Credit,Sourcing of Raw Materials,2,,,0.0,not-started,,ba080462-2b3f-40a5-b321-5a8b872d1d59,2026-04-18T09:34:42.444963+00:00,37,none,,,,,,,,
99203e2c-d583-4f84-adc7-b2288ea0d728,45dc65bd-890d-45ee-9494-4cba12b962f2,Materials and Resources,Credit,Material Ingredients,2,,,0.0,not-started,,ba080462-2b3f-40a5-b321-5a8b872d1d59,2026-04-18T09:34:42.444963+00:00,38,none,,,,,,,,
05daf10a-f96d-4711-9e18-fee7a7c92bbd,45dc65bd-890d-45ee-9494-4cba12b962f2,Materials and Resources,Credit,Construction and Demolition Waste Management,2,,,0.0,not-started,,ba080462-2b3f-40a5-b321-5a8b872d1d59,2026-04-18T09:34:42.444963+00:00,39,none,,,,,,,,
70bbca2e-f67c-4ad9-824a-cfe7cf97d554,45dc65bd-890d-45ee-9494-4cba12b962f2,Indoor Environmental Quality,Prereq,Minimum Indoor Air Quality Performance,Required,,,0.0,not-started,,ba080462-2b3f-40a5-b321-5a8b872d1d59,2026-04-18T09:34:42.444963+00:00,40,none,,,,,,,,
902e7c05-5e15-466b-be36-7df46b0ec3ad,45dc65bd-890d-45ee-9494-4cba12b962f2,Indoor Environmental Quality,Prereq,Environmental Tobacco Smoke Control,Required,,,0.0,not-started,,ba080462-2b3f-40a5-b321-5a8b872d1d59,2026-04-18T09:34:42.762071+00:00,41,none,,,,,,,,
abd0c1b8-a061-47b1-ae2d-df66bdd1b39b,45dc65bd-890d-45ee-9494-4cba12b962f2,Indoor Environmental Quality,Credit,Enhanced Indoor Air Quality Strategies,2,,,0.0,not-started,,ba080462-2b3f-40a5-b321-5a8b872d1d59,2026-04-18T09:34:42.762071+00:00,42,none,,,,,,,,
a2c0b510-088d-4cf9-bb1e-8d90040f2c0f,45dc65bd-890d-45ee-9494-4cba12b962f2,Indoor Environmental Quality,Credit,Low-Emitting Materials,3,,,0.0,not-started,,ba080462-2b3f-40a5-b321-5a8b872d1d59,2026-04-18T09:34:42.762071+00:00,43,none,,,,,,,,
661b315e-a007-4079-9b78-3b2bf5ec7d9e,45dc65bd-890d-45ee-9494-4cba12b962f2,Indoor Environmental Quality,Credit,Construction Indoor Air Quality Management Plan,1,,,0.0,not-started,,ba080462-2b3f-40a5-b321-5a8b872d1d59,2026-04-18T09:34:42.762071+00:00,44,none,,,,,,,,
2c93223b-7550-4ea0-a4a4-9eaf92d056c7,45dc65bd-890d-45ee-9494-4cba12b962f2,Indoor Environmental Quality,Credit,Indoor Air Quality Assessment,2,,,0.0,not-started,,ba080462-2b3f-40a5-b321-5a8b872d1d59,2026-04-18T09:34:42.762071+00:00,45,none,,,,,,,,
2d650661-9b7f-4c55-89e5-792f4b681632,45dc65bd-890d-45ee-9494-4cba12b962f2,Indoor Environmental Quality,Credit,Thermal Comfort,1,,,0.0,not-started,,ba080462-2b3f-40a5-b321-5a8b872d1d59,2026-04-18T09:34:42.762071+00:00,46,none,,,,,,,,
eca6f665-ad11-4914-bd44-1a21c42d1ff4,45dc65bd-890d-45ee-9494-4cba12b962f2,Indoor Environmental Quality,Credit,Interior Lighting,2,,,0.0,not-started,,ba080462-2b3f-40a5-b321-5a8b872d1d59,2026-04-18T09:34:42.762071+00:00,47,none,,,,,,,,
29461b8a-ea84-4e1f-aaa2-d5e8a840b5e3,45dc65bd-890d-45ee-9494-4cba12b962f2,Indoor Environmental Quality,Credit,Daylight,3,,,0.0,not-started,,ba080462-2b3f-40a5-b321-5a8b872d1d59,2026-04-18T09:34:42.762071+00:00,48,none,,,,,,,,
8ca47b5b-0376-47e1-a0b3-872854205b68,45dc65bd-890d-45ee-9494-4cba12b962f2,Indoor Environmental Quality,Credit,Quality Views,1,,,0.0,not-started,,ba080462-2b3f-40a5-b321-5a8b872d1d59,2026-04-18T09:34:42.762071+00:00,49,none,,,,,,,,
8438dc0d-121a-4604-bd3e-0dc7d9a33cfe,45dc65bd-890d-45ee-9494-4cba12b962f2,Indoor Environmental Quality,Credit,Acoustic Performance,1,,,0.0,not-started,,ba080462-2b3f-40a5-b321-5a8b872d1d59,2026-04-18T09:34:42.762071+00:00,50,none,,,,,,,,
faec2d0d-44c1-48e7-9769-bb9069ead2f3,45dc65bd-890d-45ee-9494-4cba12b962f2,Innovation,Credit,Innovation,5,,,0.0,not-started,,ba080462-2b3f-40a5-b321-5a8b872d1d59,2026-04-18T09:34:42.762071+00:00,51,none,,,,,,,,
88352e69-f5bf-4cd2-8ee6-da2fdb01c3cb,45dc65bd-890d-45ee-9494-4cba12b962f2,Innovation,Credit,LEED Accredited Professional,1,,,0.0,not-started,,ba080462-2b3f-40a5-b321-5a8b872d1d59,2026-04-18T09:34:42.762071+00:00,52,none,,,,,,,,
bcb85126-5423-484f-922e-ef84491a7829,45dc65bd-890d-45ee-9494-4cba12b962f2,Regional Priority,Credit,Regional Priority: Specific Credit,4,,,0.0,not-started,,ba080462-2b3f-40a5-b321-5a8b872d1d59,2026-04-18T09:34:42.762071+00:00,53,none,,,,,,,,
790cc2c9-a5d0-4cc3-817d-b6f125f7eb62,748b8a21-cd0c-4087-9492-56776a2a5247,Location and Transportation,Credit,Sensitive Land Protection,1,skjdkbjhb,2026-04-04,2.5,completed,,ba080462-2b3f-40a5-b321-5a8b872d1d59,2026-04-20T08:40:27.179+00:00,3,approved,2026-04-20T08:39:18.706+00:00,ba080462-2b3f-40a5-b321-5a8b872d1d59,2026-04-20T08:40:27.179+00:00,b60416d2-388a-4d37-9008-fd77bb42be25,2026-04-18T09:49:51.538+00:00,78b840d1-bc69-4b68-b41f-61c682335dd2,ngoc nghech,
c966e1e1-7079-4547-a84e-1107049c1b70,748b8a21-cd0c-4087-9492-56776a2a5247,Location and Transportation,Credit,LEED for Neighborhood Development Location,16,,9999-01-01,0.0,in-progress,,ba080462-2b3f-40a5-b321-5a8b872d1d59,2026-04-20T08:43:34.495+00:00,2,none,2026-04-18T09:35:31.285+00:00,ba080462-2b3f-40a5-b321-5a8b872d1d59,,,,,,
d97a52b1-1621-4de8-a4f6-9bd64fb35902,6c2e94e2-7419-4088-95f7-48db2aa8c14d,Location and Transportation,Credit,LEED for Neighborhood Development Location,16,,,0.0,not-started,,78b840d1-bc69-4b68-b41f-61c682335dd2,2026-04-21T01:56:25.234702+00:00,2,none,,,,,,,,
c28b772d-56fa-4dd4-8b66-a2a033b3afba,6c2e94e2-7419-4088-95f7-48db2aa8c14d,Location and Transportation,Credit,Sensitive Land Protection,1,,,0.0,not-started,,78b840d1-bc69-4b68-b41f-61c682335dd2,2026-04-21T01:56:25.234702+00:00,3,none,,,,,,,,
05171f79-694d-4b9a-9256-4f78c8f42754,6c2e94e2-7419-4088-95f7-48db2aa8c14d,Location and Transportation,Credit,High Priority Site and Equitable Development,2,,,0.0,not-started,,78b840d1-bc69-4b68-b41f-61c682335dd2,2026-04-21T01:56:25.234702+00:00,4,none,,,,,,,,
05d50cc2-6c28-4a0e-9f4f-655c5b0ab4e5,6c2e94e2-7419-4088-95f7-48db2aa8c14d,Location and Transportation,Credit,Surrounding Density and Diverse Uses,5,,,0.0,not-started,,78b840d1-bc69-4b68-b41f-61c682335dd2,2026-04-21T01:56:25.234702+00:00,5,none,,,,,,,,
4b00e49b-bdbe-4897-a4ec-d77a73702f53,748b8a21-cd0c-4087-9492-56776a2a5247,Integrative Process,Credit,Integrative Process,1,ygjgfj,2026-04-18,44.5,completed,,ba080462-2b3f-40a5-b321-5a8b872d1d59,2026-04-22T02:22:22.419+00:00,1,pending,2026-04-20T08:44:23.522+00:00,ba080462-2b3f-40a5-b321-5a8b872d1d59,,,,,,
4bd674f8-768e-45a8-b255-330c337a9159,6c2e94e2-7419-4088-95f7-48db2aa8c14d,Location and Transportation,Credit,Access to Quality Transit,5,,,0.0,not-started,,78b840d1-bc69-4b68-b41f-61c682335dd2,2026-04-21T01:56:25.234702+00:00,6,none,,,,,,,,
2ff4dee4-dd12-40d0-bdc8-fcbc9c9578df,6c2e94e2-7419-4088-95f7-48db2aa8c14d,Location and Transportation,Credit,Bicycle Facilities,1,,,0.0,not-started,,78b840d1-bc69-4b68-b41f-61c682335dd2,2026-04-21T01:56:25.234702+00:00,7,none,,,,,,,,
e92cf7b1-6879-4c3d-88c0-0b4b7419f97f,6c2e94e2-7419-4088-95f7-48db2aa8c14d,Location and Transportation,Credit,Reduced Parking Footprint,1,,,0.0,not-started,,78b840d1-bc69-4b68-b41f-61c682335dd2,2026-04-21T01:56:25.234702+00:00,8,none,,,,,,,,
e54d331d-d6d5-4d0a-8870-73006455dab6,6c2e94e2-7419-4088-95f7-48db2aa8c14d,Location and Transportation,Credit,Electric Vehicles,1,,,0.0,not-started,,78b840d1-bc69-4b68-b41f-61c682335dd2,2026-04-21T01:56:25.234702+00:00,9,none,,,,,,,,
29887a18-f713-495f-94c9-76fa96ffa362,6c2e94e2-7419-4088-95f7-48db2aa8c14d,Sustainable Sites,Prereq,Construction Activity Pollution Prevention,Required,,,0.0,not-started,,78b840d1-bc69-4b68-b41f-61c682335dd2,2026-04-21T01:56:25.234702+00:00,10,none,,,,,,,,
b89de301-7dd4-460d-b945-ca1c35e12a22,6c2e94e2-7419-4088-95f7-48db2aa8c14d,Sustainable Sites,Credit,Site Assessment,1,,,0.0,not-started,,78b840d1-bc69-4b68-b41f-61c682335dd2,2026-04-21T01:56:25.234702+00:00,11,none,,,,,,,,
6c45eea7-d8f5-47b6-a150-e028fcff3ee6,6c2e94e2-7419-4088-95f7-48db2aa8c14d,Sustainable Sites,Credit,Protect or Restore Habitat,2,,,0.0,not-started,,78b840d1-bc69-4b68-b41f-61c682335dd2,2026-04-21T01:56:25.234702+00:00,12,none,,,,,,,,
3b940886-fbda-407e-9ae2-15ce5173a737,6c2e94e2-7419-4088-95f7-48db2aa8c14d,Sustainable Sites,Credit,Open Space,1,,,0.0,not-started,,78b840d1-bc69-4b68-b41f-61c682335dd2,2026-04-21T01:56:25.234702+00:00,13,none,,,,,,,,
5af33e06-95d2-4396-ae45-f432cbcde8b1,6c2e94e2-7419-4088-95f7-48db2aa8c14d,Sustainable Sites,Credit,Rainwater Management,3,,,0.0,not-started,,78b840d1-bc69-4b68-b41f-61c682335dd2,2026-04-21T01:56:25.234702+00:00,14,none,,,,,,,,
a74ba10f-f957-4a4b-a246-6188c9e1b9b2,6c2e94e2-7419-4088-95f7-48db2aa8c14d,Sustainable Sites,Credit,Heat Island Reduction,2,,,0.0,not-started,,78b840d1-bc69-4b68-b41f-61c682335dd2,2026-04-21T01:56:25.234702+00:00,15,none,,,,,,,,
c6093ad6-b861-4b24-8def-21a7ad354420,6c2e94e2-7419-4088-95f7-48db2aa8c14d,Sustainable Sites,Credit,Light Pollution Reduction,1,,,0.0,not-started,,78b840d1-bc69-4b68-b41f-61c682335dd2,2026-04-21T01:56:25.234702+00:00,16,none,,,,,,,,
4ccb2c02-8be2-4a11-8fbc-faea97bf8081,6c2e94e2-7419-4088-95f7-48db2aa8c14d,Water Efficiency,Prereq,Outdoor Water Use Reduction,Required,,,0.0,not-started,,78b840d1-bc69-4b68-b41f-61c682335dd2,2026-04-21T01:56:25.234702+00:00,17,none,,,,,,,,
2cf7f1f9-e07b-4a24-aaae-94ccef76c2f5,6c2e94e2-7419-4088-95f7-48db2aa8c14d,Water Efficiency,Prereq,Indoor Water Use Reduction,Required,,,0.0,not-started,,78b840d1-bc69-4b68-b41f-61c682335dd2,2026-04-21T01:56:25.234702+00:00,18,none,,,,,,,,
7510c8a3-7e3b-4176-9a24-9f0066be7d54,6c2e94e2-7419-4088-95f7-48db2aa8c14d,Water Efficiency,Prereq,Building-Level Water Metering,Required,,,0.0,not-started,,78b840d1-bc69-4b68-b41f-61c682335dd2,2026-04-21T01:56:25.234702+00:00,19,none,,,,,,,,
a6e8c69f-04d0-4715-85e2-1047b892a31a,6c2e94e2-7419-4088-95f7-48db2aa8c14d,Water Efficiency,Credit,Outdoor Water Use Reduction,2,,,0.0,not-started,,78b840d1-bc69-4b68-b41f-61c682335dd2,2026-04-21T01:56:25.234702+00:00,20,none,,,,,,,,
e0ead8a1-e469-4c72-87e1-600c4a1d804c,6c2e94e2-7419-4088-95f7-48db2aa8c14d,Water Efficiency,Credit,Indoor Water Use Reduction,6,,,0.0,not-started,,78b840d1-bc69-4b68-b41f-61c682335dd2,2026-04-21T01:56:25.50883+00:00,21,none,,,,,,,,
52023353-63c5-4934-950d-f08d6d96ac64,6c2e94e2-7419-4088-95f7-48db2aa8c14d,Water Efficiency,Credit,Optimize Process Water Use,2,,,0.0,not-started,,78b840d1-bc69-4b68-b41f-61c682335dd2,2026-04-21T01:56:25.50883+00:00,22,none,,,,,,,,
2f038d57-c85c-46e3-ba2e-f29cbf2e1d42,6c2e94e2-7419-4088-95f7-48db2aa8c14d,Water Efficiency,Credit,Water Metering,1,,,0.0,not-started,,78b840d1-bc69-4b68-b41f-61c682335dd2,2026-04-21T01:56:25.50883+00:00,23,none,,,,,,,,
cb531892-7174-4b69-83fd-2c4fc7998b78,6c2e94e2-7419-4088-95f7-48db2aa8c14d,Energy and Atmosphere,Prereq,Fundamental Commissioning and Verification,Required,,,0.0,not-started,,78b840d1-bc69-4b68-b41f-61c682335dd2,2026-04-21T01:56:25.50883+00:00,24,none,,,,,,,,
ece0ce62-ed4f-46fb-9690-603a303f1ff9,6c2e94e2-7419-4088-95f7-48db2aa8c14d,Energy and Atmosphere,Prereq,Minimum Energy Performance,Required,,,0.0,not-started,,78b840d1-bc69-4b68-b41f-61c682335dd2,2026-04-21T01:56:25.50883+00:00,25,none,,,,,,,,
06df886e-f81f-4d9c-bd9a-21ef3510c8e8,6c2e94e2-7419-4088-95f7-48db2aa8c14d,Energy and Atmosphere,Prereq,Building-Level Energy Metering,Required,,,0.0,not-started,,78b840d1-bc69-4b68-b41f-61c682335dd2,2026-04-21T01:56:25.50883+00:00,26,none,,,,,,,,
efe8c2a7-00f2-4f2d-be2e-8a55d61f2582,6c2e94e2-7419-4088-95f7-48db2aa8c14d,Energy and Atmosphere,Prereq,Fundamental Refrigerant Management,Required,,,0.0,not-started,,78b840d1-bc69-4b68-b41f-61c682335dd2,2026-04-21T01:56:25.50883+00:00,27,none,,,,,,,,
057a57d6-6ba1-482c-a32d-3304937d7f97,6c2e94e2-7419-4088-95f7-48db2aa8c14d,Energy and Atmosphere,Credit,Enhanced Commissioning,6,,,0.0,not-started,,78b840d1-bc69-4b68-b41f-61c682335dd2,2026-04-21T01:56:25.50883+00:00,28,none,,,,,,,,
8b0e3ae5-3318-40bf-b78f-e83e8be06659,6c2e94e2-7419-4088-95f7-48db2aa8c14d,Energy and Atmosphere,Credit,Optimize Energy Performance,18,,,0.0,not-started,,78b840d1-bc69-4b68-b41f-61c682335dd2,2026-04-21T01:56:25.50883+00:00,29,none,,,,,,,,
6f9f2406-a803-4061-8372-9360a33be5eb,6c2e94e2-7419-4088-95f7-48db2aa8c14d,Energy and Atmosphere,Credit,Advanced Energy Metering,1,,,0.0,not-started,,78b840d1-bc69-4b68-b41f-61c682335dd2,2026-04-21T01:56:25.50883+00:00,30,none,,,,,,,,
d9543d85-85cc-40d3-93a9-446d2ca6dbc2,6c2e94e2-7419-4088-95f7-48db2aa8c14d,Energy and Atmosphere,Credit,Grid Harmonization,2,,,0.0,not-started,,78b840d1-bc69-4b68-b41f-61c682335dd2,2026-04-21T01:56:25.50883+00:00,31,none,,,,,,,,
85389bd5-5c22-4b6a-aa95-1a4d56dc736b,6c2e94e2-7419-4088-95f7-48db2aa8c14d,Energy and Atmosphere,Credit,Renewable Energy,5,,,0.0,not-started,,78b840d1-bc69-4b68-b41f-61c682335dd2,2026-04-21T01:56:25.50883+00:00,32,none,,,,,,,,
09453e68-eebe-4b2d-97ab-4f4f53a3b3ef,6c2e94e2-7419-4088-95f7-48db2aa8c14d,Energy and Atmosphere,Credit,Enhanced Refrigerant Management,1,,,0.0,not-started,,78b840d1-bc69-4b68-b41f-61c682335dd2,2026-04-21T01:56:25.50883+00:00,33,none,,,,,,,,
8bf363ae-44ff-4537-9cd4-8e0089a1e067,6c2e94e2-7419-4088-95f7-48db2aa8c14d,Materials and Resources,Prereq,Storage and Collection of Recyclables,Required,,,0.0,not-started,,78b840d1-bc69-4b68-b41f-61c682335dd2,2026-04-21T01:56:25.50883+00:00,34,none,,,,,,,,
15f7a9a3-300a-4b01-9903-5411caa2067b,6c2e94e2-7419-4088-95f7-48db2aa8c14d,Materials and Resources,Credit,Building Life-Cycle Impact Reduction,5,,,0.0,not-started,,78b840d1-bc69-4b68-b41f-61c682335dd2,2026-04-21T01:56:25.50883+00:00,35,none,,,,,,,,
684879b2-f3f7-43f4-9059-eaad3c020352,6c2e94e2-7419-4088-95f7-48db2aa8c14d,Materials and Resources,Credit,Environmental Product Declarations,2,,,0.0,not-started,,78b840d1-bc69-4b68-b41f-61c682335dd2,2026-04-21T01:56:25.50883+00:00,36,none,,,,,,,,
82b24aa2-c631-48f6-9c81-b040fced1780,6c2e94e2-7419-4088-95f7-48db2aa8c14d,Materials and Resources,Credit,Sourcing of Raw Materials,2,,,0.0,not-started,,78b840d1-bc69-4b68-b41f-61c682335dd2,2026-04-21T01:56:25.50883+00:00,37,none,,,,,,,,
8ad4d875-36c3-48a4-b199-acfddfe645aa,6c2e94e2-7419-4088-95f7-48db2aa8c14d,Materials and Resources,Credit,Material Ingredients,2,,,0.0,not-started,,78b840d1-bc69-4b68-b41f-61c682335dd2,2026-04-21T01:56:25.50883+00:00,38,none,,,,,,,,
24d4a438-0cb9-4d68-851c-12cb8b092c97,6c2e94e2-7419-4088-95f7-48db2aa8c14d,Materials and Resources,Credit,Construction and Demolition Waste Management,2,,,0.0,not-started,,78b840d1-bc69-4b68-b41f-61c682335dd2,2026-04-21T01:56:25.50883+00:00,39,none,,,,,,,,
70f63e7b-4e63-41fd-ac57-2821339ca097,6c2e94e2-7419-4088-95f7-48db2aa8c14d,Indoor Environmental Quality,Prereq,Minimum Indoor Air Quality Performance,Required,,,0.0,not-started,,78b840d1-bc69-4b68-b41f-61c682335dd2,2026-04-21T01:56:25.50883+00:00,40,none,,,,,,,,
1f44fc7d-06ee-4670-9e18-c0c1f1c8791e,6c2e94e2-7419-4088-95f7-48db2aa8c14d,Indoor Environmental Quality,Prereq,Environmental Tobacco Smoke Control,Required,,,0.0,not-started,,78b840d1-bc69-4b68-b41f-61c682335dd2,2026-04-21T01:56:25.764897+00:00,41,none,,,,,,,,
7d9c3b65-9454-473b-8dee-fb5511ad5a9b,6c2e94e2-7419-4088-95f7-48db2aa8c14d,Indoor Environmental Quality,Credit,Enhanced Indoor Air Quality Strategies,2,,,0.0,not-started,,78b840d1-bc69-4b68-b41f-61c682335dd2,2026-04-21T01:56:25.764897+00:00,42,none,,,,,,,,
a03bd72f-a221-4111-8290-1b7cba19e436,6c2e94e2-7419-4088-95f7-48db2aa8c14d,Indoor Environmental Quality,Credit,Low-Emitting Materials,3,,,0.0,not-started,,78b840d1-bc69-4b68-b41f-61c682335dd2,2026-04-21T01:56:25.764897+00:00,43,none,,,,,,,,
a4e8bb95-bcfa-4dd6-a9c9-5877bad2e733,6c2e94e2-7419-4088-95f7-48db2aa8c14d,Indoor Environmental Quality,Credit,Construction Indoor Air Quality Management Plan,1,,,0.0,not-started,,78b840d1-bc69-4b68-b41f-61c682335dd2,2026-04-21T01:56:25.764897+00:00,44,none,,,,,,,,
6b043383-b955-4b4d-a4cf-5665fe9a2357,6c2e94e2-7419-4088-95f7-48db2aa8c14d,Indoor Environmental Quality,Credit,Indoor Air Quality Assessment,2,,,0.0,not-started,,78b840d1-bc69-4b68-b41f-61c682335dd2,2026-04-21T01:56:25.764897+00:00,45,none,,,,,,,,
5abfeb8c-3ba2-41ae-9d8a-660cdc44751e,6c2e94e2-7419-4088-95f7-48db2aa8c14d,Indoor Environmental Quality,Credit,Thermal Comfort,1,,,0.0,not-started,,78b840d1-bc69-4b68-b41f-61c682335dd2,2026-04-21T01:56:25.764897+00:00,46,none,,,,,,,,
a39d5627-0678-4439-aa52-a049c173da47,6c2e94e2-7419-4088-95f7-48db2aa8c14d,Indoor Environmental Quality,Credit,Interior Lighting,2,,,0.0,not-started,,78b840d1-bc69-4b68-b41f-61c682335dd2,2026-04-21T01:56:25.764897+00:00,47,none,,,,,,,,
02c2cda2-c0c0-465c-b176-b25f5044b8f5,6c2e94e2-7419-4088-95f7-48db2aa8c14d,Indoor Environmental Quality,Credit,Daylight,3,,,0.0,not-started,,78b840d1-bc69-4b68-b41f-61c682335dd2,2026-04-21T01:56:25.764897+00:00,48,none,,,,,,,,
33b73bc0-37d0-479a-b7df-1d42eb3551c5,6c2e94e2-7419-4088-95f7-48db2aa8c14d,Indoor Environmental Quality,Credit,Quality Views,1,,,0.0,not-started,,78b840d1-bc69-4b68-b41f-61c682335dd2,2026-04-21T01:56:25.764897+00:00,49,none,,,,,,,,
16dd93f1-e746-4bbc-8e21-98e364f018a3,6c2e94e2-7419-4088-95f7-48db2aa8c14d,Indoor Environmental Quality,Credit,Acoustic Performance,1,,,0.0,not-started,,78b840d1-bc69-4b68-b41f-61c682335dd2,2026-04-21T01:56:25.764897+00:00,50,none,,,,,,,,
c219e6d8-b008-465b-addf-87f421aadcbb,6c2e94e2-7419-4088-95f7-48db2aa8c14d,Innovation,Credit,Innovation,5,,,0.0,not-started,,78b840d1-bc69-4b68-b41f-61c682335dd2,2026-04-21T01:56:25.764897+00:00,51,none,,,,,,,,
701d90b5-32c2-46f8-815a-f8bcd5822514,6c2e94e2-7419-4088-95f7-48db2aa8c14d,Innovation,Credit,LEED Accredited Professional,1,,,0.0,not-started,,78b840d1-bc69-4b68-b41f-61c682335dd2,2026-04-21T01:56:25.764897+00:00,52,none,,,,,,,,
c3869c59-5155-4bc3-be8b-d2801b59f646,6c2e94e2-7419-4088-95f7-48db2aa8c14d,Regional Priority,Credit,Regional Priority: Specific Credit,4,,,0.0,not-started,,78b840d1-bc69-4b68-b41f-61c682335dd2,2026-04-21T01:56:25.764897+00:00,53,none,,,,,,,,
806170be-7d9a-4f1d-ae81-48f5cbc3d00e,6c2e94e2-7419-4088-95f7-48db2aa8c14d,Integrative Process,Credit,Integrative Process,1,,2026-04-20,0.0,not-started,,b60416d2-388a-4d37-9008-fd77bb42be25,2026-04-21T02:11:04.375+00:00,1,none,,,,,,,,
187fb63d-616a-4e7c-ad97-81203466a81e,6c2e94e2-7419-4088-95f7-48db2aa8c14d,Location and Transportation,Credit,jksfjksdfsd,—,,,0.0,not-started,,b60416d2-388a-4d37-9008-fd77bb42be25,2026-04-23T02:12:47.844633+00:00,0,none,,,,,,,,
